SKU;ASIN;Preis;Menge
"1 Liter Fellglanz Pferdeshampoo";B01E4K5C0Y;17.95;1000
"1 kg AniForte® Premium Eichhörnch";B00RW12K62;9.95;899
3Y-H4TN-9PRJ;B00B4Z355C;26.95;986
"5 kg Kieselgur";B00YAJE9ZE;29.95;920
6FK-OP7-NM5;B008L1CCQU;19.95;20
7G9-6PA-VHE;B008L1CD46;8.95;24
7H-UAOY-WX3X;B00GO6VR7O;5.90;18
"Abwehr Formel mild 50ml";B00URFFQJS;24.95;1974
"Abwehr-Formel Mild 20ml Hund AFN";B00BPTUVZ4;14.95;
"Abwehr-Formel Mild 20ml Katze Hund AFN";B00EQAR71A;14.95;
"Abwehr-Formel für Hunde 10 ml";B00BPTUVZ4;12.95;936
"Abwehr-Formel für Hunde 50 ml";B00BQASUEG;24.95;985
"Agil-Natural 100ml";B013342C32;7.95;282
"Agil-Natural Pferde 1 Liter";B015J7XAOG;34.95;5
"Agility Vet 120 Tabs";B01J604UDM;29.95;998
"Agility Vet 120 Tabs AFN";B01J604UDM;31.95;
"Agility Vet 300 Tabs";B01LWIQUZY;59.95;998
"Agility Vet 300 Tabs AFN";B01LWIQUZY;61.95;
"Agility Vet Tabs 120 tabs UK AFN";B01KMIFOIW;39.95;
"Agrimony Bachblüten 20ml Stockbottle";B00L2B47W8;9.95;994
"Aloe Vera Shampoo puppies 400ml AFN";B01BOUQMEM;23.95;
"Angsthase Globulis 20g AFN";B00L2DM42Q;12.95;
"AniForte 100% Grünlipp Pferde 500g";B00G6P7XPS;39.95;926
"AniForte Abwehrformel mild 20 ml";B00EQAR71A;12.95;888
"AniForte Arthro Gelenk-Formel 2 250 g";B00AQKHN1S;24.95;958
"AniForte Bachblüten Flegel Pferde 50g";B00L0CU8AY;21.95;995
"AniForte Balance 50 Kapseln";B00H8TT6LA;21.90;216
"AniForte Balance Hunde 500 g";B00B2JKX3C;36.95;999
"AniForte Balance für Hunde 250 g";B00B2JGPMA;26.95;999
"AniForte Barf-Line - Lachsöl 100 ml";B00EIMSH7E;6.95;986
"AniForte Barf-Line - Lachsöl 250 ml";B00EIMU1UU;7.95;918
"AniForte Barf-Line Multi-Komplex 100g";B00ATO1Y70;79.95;939
"AniForte Barf-Line Multi-Komplex 250g";B00ATO3TEQ;32.95;977
"AniForte Bierhefe (BT) Pferde 1,5 kg";B00GEDVH04;9.95;965
"AniForte Bierhefe (BT) Pferde 5 kg Eimer";B00GRQWRT8;14.95;511
"AniForte Bremsen-Ex 1000ml AFN";B00KJJBXOE;21.95;
"AniForte Bronchial-Akut 250g";B00B83FWTW;26.95;998
"AniForte Calcium Carbonat 250 g";B00B23H854;8.95;999
"AniForte Calcium Carbonat 500 g";B00B23JG72;12.95;999
"AniForte Calcium Citrat";B00B23CP52;7.95;990
"AniForte Darm-Akut 100g";B00B4B5072;19.95;999
"AniForte Darm-Akut 250g";B00B4B6WZQ;29.95;995
"AniForte Darm-Akut für Pferde 1250g";B00B5SIHB0;29.95;977
"AniForte Diabetes-Formel 250g";B00C2R7SWW;26.95;993
"AniForte Diät-Formel Pro 250 g";B00B1R5ODO;29.95;999
"AniForte Dolor Herbal Hunde 50 Kapseln";B00DRBGL16;24.95;978
"AniForte EkzemSchutz Spray Pferde 1000ml";B00CIT25GS;24.95;982
"AniForte Entoxx 100g";B01CYNW6SY;9.95;999
"AniForte Floh-EX SPRAY für Hunde 250ml";B00L6W49YE;17.95;822
"AniForte Flohsamenschalen 1000 g";B00CBV0ERU;12.95;951
"AniForte GREEN-LINE Reinigungskonzentrat";B00F6TT218;24.95;983
"AniForte Gerstengraspulver 250g AFN";B01I13DZG8;13.95;
"AniForte Grünlippmuschelkapseln 300 St.";B00VC9XL4K;32.95;967
"AniForte Hagebuttenschalen - gemahlen";B00AZH18AO;7.95;995
"AniForte Hagebuttenschalen 1kg AFN";B0198C1ULI;16.95;
"AniForte Harnwege Formel Hunde 250 g";B00B83W6UA;26.95;996
"AniForte Immun-Aktiv 100g";B00BETX7YC;14.95;993
"AniForte Immun-Aktiv 250g";B00BETYSQI;29.95;998
"AniForte Ingwer & Teufelskralle 1000 g";B00C0VK50W;21.95;908
"AniForte Ingwer gemahlen Pferde 1000g";B00BYVMKC0;12.95;683
"AniForte Junior Komplex 250g";B00AWPM0WO;23.95;994
"AniForte Junior Komplex 500g";B00AWPMZLA;34.95;981
"AniForte Kartoffel-Mix 1000g";B00CBT8U2S;5.95;182
"AniForte Knochen-Kraft 100 g";B00AYX1HG4;5.95;992
"AniForte Knochen-Kraft 1000 g";B00JEKEW2O;14.95;355
"AniForte Knochen-Kraft 250 g";B00AYX3HEE;8.95;987
"AniForte Knochen-Kraft 500 g";B00AYX7YN4;12.95;1000
"AniForte Kokosöl 1 Liter AFN";B0154XE5FS;17.95;
"AniForte Kükenglück 250g";B01I140V32;9.95;996
"AniForte Lachsöl 1000 ml";B00BKYZHE4;14.95;1832
"AniForte Leinöl 250";B00PNXRTDU;6.95;950
"AniForte Leinöl 500 ml";B00PNXLJ0Y;8.95;916
"AniForte Milben Stop 1000 ml";B00FGT6APY;36.95;811
"AniForte Milben Stop 250 ml";B00FGT9JNE;18.95;873
"AniForte Milben Stop 50 ml";B00CFNEIDK;9.95;689
"AniForte Milben Stop 500 ml";B00CFNICDM;26.95;689
"AniForte Milben Stop Puder 4 kg Flasche";B00G48H1V8;31.95;839
"AniForte Nachtkerzenöl 100 ml";B00ET60HQI;16.95;949
"AniForte Nachtkerzenöl 1000 ml";B00CANFKFU;44.95;979
"AniForte Nachtkerzenöl 250 ml";B00ET5Z8MC;22.95;968
"AniForte Nachtkerzenöl 500 ml";B00ET5XOB4;28.95;922
"AniForte Naturkräuter Mix Pferde 1000 g";B00CD6AY6Y;19.95;10
"AniForte Natürliches Multivitamin AFN";B01CI86OOC;18.95;
"AniForte Ohrenpflege für Hunde 20 ml";B00CI7DAE6;12.95;942
"AniForte Ohrenpflege für Katzen 20 ml";B00CI77X26;12.95;998
"AniForte Ohrenreiniger Kamille 250ml";B00K4E2WFS;12.95;767
"AniForte Ohrmilbenöl 50 ml";B00DTPAQUW;27.95;981
"AniForte Ohrmilbenöl 50ml für Hunde";B00P01Y71W;27.95;939
"AniForte Omega 3-6-9 Öl 100ml";B00CRZGGZE;13.95;34
"AniForte Parasitenabwehr 500 g";B00AQWOBLQ;9.95;982
"AniForte Premium Futteröl 1000 ml";B00AU16UVM;26.95;961
"AniForte Premium Futteröl 250 ml";B00AU14M8K;16.95;975
"AniForte Premium Futteröl 500 ml";B00AU15Z8Q;19.95;971
"AniForte Prosta-Vet 250g Hunde & Katzen";B00C20P7EA;21.95;973
"AniForte Prosta-Vet 500g Hunde & Katzen";B00C20WAU4;36.95;965
"AniForte PureNature Country Beef 400 AFN";B01G27N98Y;16.95;
"AniForte PureNature Fine Turkey AFN";B01G3768TA;13.95;
"AniForte PureNature Huhn Junior AFN";B01G2C8EXY;14.95;
"AniForte PureNature Land Chicken 200 AFN";B01G3768TK;14.95;
"AniForte PureNature Wild Buffalo AFN";B01G27N97U;16.95;
"AniForte PureNature easybarf Büffel AFN";B01FW6U7RC;29.95;
"AniForte Reis Gemüse-Mix 1000g";B00CAOT9VA;19.95;579
"AniForte Schwarzkümmelöl 1000 ml";B00ANSJ12C;39.95;1987
"AniForte Seealgenpulver 100g";B00B1DBMYI;5.95;972
"AniForte Seealgenpulver 250g";B00B1DCDE6;5.95;994
"AniForte Seealgenpulver 500g";B00B1DCZZ8;9.95;932
"AniForte Seealgenpulver Pferde 1000g";B00B1DG7HU;19.95;968
"AniForte Spirulina naturrein 100g";B00AV67IGC;9.95;96
"AniForte Spirulina naturrein 250g";B00AV69O28;14.95;992
"AniForte Spirulina naturrein 500g";B00AV6BM00;19.95;966
"AniForte Spirulina naturrein Pferd 1000g";B00AV6HF7Y;29.95;979
"AniForte Taurin naturrein 100g";B00AYEI09U;9.95;906
"AniForte Teufelskralle 1000g Pferd";B00C0SVCXO;22.95;839
"AniForte Teufelskralle 250 g";B00AYCXTTS;12.95;898
"AniForte Teufelskralle 500 g für Pferde";B00EVQA49G;14.90;953
"AniForte Teufelskralle 500g Hund Katze";B00SHW1VL0;14.95;782
"AniForte Teufelskralle Gelenk-Akut 100 g";B00AWSFEU6;9.95;982
"AniForte Teufelskralle Kapseln 100 Stk";B00IWA7E9A;19.95;750
"AniForte Umgebungs Reiniger Spray 1Liter";B00J0WZXJM;25.95;859
"AniForte Universal Futteröl 100 ml";B00EVQLAMQ;5.95;15
"AniForte Universal Futteröl 1000 ml";B00AWOB5QW;22.95;957
"AniForte Universal Futteröl 250 ml";B00AWO6L5M;12.95;996
"AniForte Universal Futteröl 500 ml";B00AWOA69E;16.95;992
"AniForte Universalreiniger";B00F6U1VC0;9.95;996
"AniForte VET Ohrenreiniger Kamille 250ml";B00J0VEB6Y;12.95;706
"AniForte Wurm-Formel - 100 Kapseln";B00DY7N8M8;27.95;828
"AniForte Wurm-Formel 10g";B01CWVXN94;10.95;1911
"AniForte Wurm-Formel 10g Katze AFN";B01CWVXN94;11.95;
"AniForte Wurm-Formel Hund 20 g";B00BATFBCM;17.95;950
"AniForte Wurm-Formel Hund 250 g";B00BATNXWC;42.95;984
"AniForte Wurm-Formel für Pferde 50 g";B00CZ76RD0;19.95;921
"AniForte Zahnstein-EX Hunde Katzen 150 g";B00BJ3CLGS;22.95;986
"AniForte calcium Citrat";B00B23DN9Y;12.95;995
"AniForte flüssig Wurmformel Katze 50ml";B00U3R2Y9U;18.90;1728
"AniForte natürliches Zeckenspray 250ml";B00KRJPZ9U;21.95;962
"AniForte reine Bierhefe 1000 g";B00AQXPMN6;10.95;917
"AniForte reine Bierhefe 250 g";B00AQXNPBC;5.95;997
"AniForte reine Bierhefe 500 g";B00AQXOTKI;6.95;993
"AniForte reine Bierhefe Pferde 5000g";B00G6P414O;24.95;873
"AniForte ® Anweide Kur 5 Liter Kanister";B00IW4RINS;79.95;221
"AniForte ® BM Vet Hefe";B00IYNMY4A;9.95;204
"AniForte ® Basic akut 100 g";B00HWS0XYQ;9.95;906
"AniForte ® Bettenhygienespray 100 ml";B00FHYWA8O;12.95;984
"AniForte ® Bio Chlorella Tabs 150 Stk.";B00EV5AFDW;9.95;950
"AniForte ® Bio Chlorella Tabs 2000 Stk.";B00EV5CPN0;39.95;969
"AniForte ® Bio Spirulina Tabs 100 Stk.";B00EV55UHI;9.95;949
"AniForte ® Bio Spirulina Tabs 2000 Stk.";B00EV588Z4;24.95;986
"AniForte ® Carotin Vet 1000g";B00IVSI8MU;19.95;989
"AniForte ® Carotin Vet 100g";B00IVSGBN8;7.95;998
"AniForte ® Flohsamen 3 x 1000g Sparpack";B00J7VTWZ2;24.95;637
"AniForte ® Flohsamen-Pulver 1000 g";B00FA47Z7C;14.95;968
"AniForte ® Flohsamenschalen 1000 g";B00IW7XOP6;12.95;819
"AniForte ® Hanföl 1 Liter 2";B00PE5VL0E;22.95;1973
"AniForte ® Hanföl 100ml 2";B00PE5O1ME;8.95;1995
"AniForte ® Hanföl 250ml 2";B00PE5QTR4;10.95;1979
"AniForte ® Hanföl 5 Liter im Kanister";B00P8CD90S;89.90;997
"AniForte ® Hanföl 500ml 2";B00PE5SRA6;12.95;982
"AniForte ® Huf & Fell Pferde 5.000g";B00GSWCCAU;19.95;1824
"AniForte ® Insekt Stop Pulver 5000g";B00CJB0EX6;29.95;2
"AniForte ® Katzenminze 20 g";B00EUEXSEM;2.95;942
"AniForte ® Milben Frei für Ziervögel";B00FMTBYHC;12.95;861
"AniForte ® Milben Stop Spray 100ml";B00Q6UIZUK;12.95;612
"AniForte ® Pflegeöl Spray 100ml";B00DVN8VZE;12.95;992
"AniForte ® Pfotenpflege 20 ml";B00GOPNLU6;11.95;999
"AniForte ® Pfotenschutz Balsam 120 ml";B00GOOHRBG;14.95;983
"AniForte ® Porcolinos für Hunde 100g";B00I80MAD4;3.95;499
"AniForte ® Premium Futteröl 100 ml";B00F6ZYOS8;10.95;990
"AniForte ® Shampoo für Hunde 400 ml";B00F1H7OF6;12.95;982
"AniForte ® Shampoo für Pferde  400 ml";B00F1HE8DM;10.95;907
"AniForte ® Shampoo für Welpen 400 ml";B00F1HQMN6;12.95;993
"AniForte ® Stall- Boxenreiniger 1000 ml";B00FA1WIHW;8.95;998
"AniForte ® Stall- Boxenreiniger 5000 ml";B00FA3QFCO;35.95;996
"AniForte ® Trockenfisch für Hunde 200g";B00I81O72A;7.95;882
"AniForte ® Vital-Snacks Feine Ente 100g";B00I82RNCA;6.95;968
"AniForte ® Wurm-Formel für Pferde 250g";B00G6POUZE;54.95;989
"AniForte ® Zahnpflegestreifen 250g";B00I812YS4;6.95;978
"AniForte® Agil-Natural 200 ml";B012OYZ1PI;18.90;100
"AniForte® Algenkalk 1.000g für Hunde";B00JF9L5RO;12.95;393
"AniForte® Algenkalk 500g für Hunde";B00JF9JK1M;9.95;457
"AniForte® Atem Formel für Pferde 1000g";B00HJR60I8;32.95;996
"AniForte® Atem-Formel Pferde 1000g";B00HJR60I8;32.95;495
"AniForte® B.A.R.F. Complete 500g Hunde";B00LN9ONUA;13.95;930
"AniForte® Bachblüten Notfall Pferd 20g";B00L0CFDN6;11.95;994
"AniForte® Balance-Natural Hunde 200ml";B0137DJVBA;19.95;1995
"AniForte® Barf-Line Apfel 1.000g";B00KK4F5LA;14.95;999
"AniForte® Barf-Line Aprikose 1.000g";B00KK4CK2W;14.95;999
"AniForte® Barf-Line Banane 1.000g";B00KK3WN8E;14.95;999
"AniForte® Belohnungs- Happen 150g";B00OWVLGJ2;3.95;997
"AniForte® Belohnungs- Happen 50g";B00OWVND70;2.95;997
"AniForte® Bouillon 250g";B00IVS7CIQ;9.95;205
"AniForte® Bremsen EX 1000 ml";B00KJJBXOE;19.95;530
"AniForte® Broncho-Natural Hunde 200";B0137DSU62;19.95;1991
"AniForte® Dorschlebertran 1 Liter";B00OYBLGN6;19.95;819
"AniForte® ELK Mineraldepot L";B00LK12NQM;13.95;983
"AniForte® ELK Mineraldepot M";B00LK10KRQ;8.95;25
"AniForte® ELK Mineraldepot S";B00LK0Z5OA;5.95;27
"AniForte® Eichhörnchenfutter 2000g";B00LGNJBVO;17.95;120
"AniForte® Fell Haut Aktivformel 250g";B00NE26UWI;15.95;988
"AniForte® Floh- und Staubkamm - 20 cm";B00OSD9D0S;13.95;995
"AniForte® Gastro-Natural Hunde 200ml";B0137DMSXS;19.95;1999
"AniForte® GelenkTeufel 250 g";B00OXW21CQ;29.95;977
"AniForte® Hagebuttenpulver 1000g";B00CARGS1Q;19.95;995
"AniForte® Immun Formel Pferde 1000g";B00HJY5ZHS;15.95;5
"AniForte® Immun-Natural Hunde 200 ml";B0137DGALO;19.95;1996
"AniForte® Insekt Stop Spray 1000 ml";B00CHKLAD2;29.95;985
"AniForte® Insekt Stop Spray 500 ml";B00CHKK9CK;19.95;980
"AniForte® Kauwurzel Grösse L";B00MDUL73Y;19.90;2
"AniForte® Kokosöl 250 ml Nr.2";B00KFPAWYY;8.95;1731
"AniForte® Lachsöl 1000 ml";B00BKYZHE4;14.95;1928
"AniForte® Lachsöl 20 Liter Kanister";B00IQBEGW8;79.95;987
"AniForte® Lachsöl 5000 ml";B00IQBAZPK;37.95;787
"AniForte® Lachsölkapseln 200 Stk.";B00S590AC6;13.95;860
"AniForte® Leber Formel Pferde 1000g";B00JOP99C2;29.95;466
"AniForte® Löwenherz Katzen 100g";B00LW88QDM;9.95;427
"AniForte® Mauke Formel Pferde 1000g";B00JOPU82C;39.95;300
"AniForte® MaxiStreu 1.000 g";B00NZ3ZERI;8.95;2
"AniForte® MaxiStreu 5.000 g";B00NZ417WI;14.95;5
"AniForte® Milben Frei Kaninchen 250ml";B00IVRLQJS;12.95;905
"AniForte® Milben-Stop Puder 4 kg";B00NRB3EI4;29.95;816
"AniForte® Milbenstop 2kg + Flasche";B00KWHAQT6;21.95;948
"AniForte® Natura Crock 14 kg";B00IFHUFX2;44.95;997
"AniForte® Nieren Formel Pferde 1000g";B00JOPD7HU;19.95;2
"AniForte® Reiskeimöl 5 Liter";B00PGA1346;39.95;966
"AniForte® Verdauungsöl Katzen 50ml";B00WF9WVE2;9.90;57
"AniForte® VitalPlus Formel Pferde 1000g";B00JOPK07A;29.95;496
"AniForte® Welpenkalk 1000g";B00JQ47MPW;19.95;446
"AniForte® Wund Formel Pflegepuder 180ml";B00IRIZWFU;14.95;982
"Aniforte Flohsamen 1kg AFN";B00CBV0ERU;12.95;
"Aniforte Flohsamenschalen 1kg AFN";B00IW7XOP6;14.95;
"Aniforte ganze Hagebutten 1kg AFN";B00CBZ4NZA;14.95;
"Anti Angst Formel Hunde 100 Kapseln";B00IW82R3U;24.95;967
"Aspen Bachblüten 20ml Stockbottle";B00L2CHNA0;9.95;997
"Aspen Stockbottle 20ml AFN";B00L2CHNA0;12.95;
"Augenpflege mit Augentrost 30ml";B0187H7SHU;7.95;1925
"B.A.R.F. Complete 1.000g für Hunde";B00LUZCOHG;20.95;788
"B.A.R.F. Line Flockenmix 1 kg";B00NWVBOZO;6.95;976
"B.A.R.F. Line Flockenmix 10 kg";B00NWVHNXG;26.95;955
"B.A.R.F. Line Flockenmix 5 kg";B00NWVFFXG;17.95;937
"B.A.R.F. Line Hirseflocken 1000g";B00ND6P3MS;6.95;961
"B.A.R.F. Line Hirseflocken 5000g";B00ND6TIGU;17.95;913
"B.A.R.F. Line Karottenflocken 5000g";B00ND7AIJU;29.95;471
"B.A.R.F. Line Reisflocken 10 kg";B00ND0UNGK;26.95;882
"B.A.R.F. Line Reisflocken 1000g";B00ND0JU8M;6.95;975
"B.A.R.F. Line Reisflocken 5000g";B00ND0QUOE;17.95;916
B8-PRKN-LLH8;B00MNGY4AQ;59.95;100
"BARF Complete 1kg AFN";B00LUZCOHG;22.95;
"BARF Feed Complete 1kg AFN";B019EAJ2NW;31.95;
BF-7LE1-PEXN;B01I13DZG8;11.95;999
"BIO Buchweizenflocken 1000g";B00ND72JO2;6.95;480
"BIO Buchweizenflocken 5000g";B00ND75AZW;17.95;470
"BIO-Schwarzkümmelöl 1L AFN";B00ANSJ12C;41.95;
"BM Vet Hefe 500g AFN";B00IYNMY4A;11.95;
"Bachblüten Five Flowers Notfall Nager";B00L376SDM;11.95;997
"Bachblüten Five Flowers Notfall Vögel";B00L36ZNU2;11.95;999
"Bachblüten Gewitter Katzen 20g Globuli";B00L0IK41Q;12.95;999
"Bachblüten Hungerstreik Katzen 20g";B00L0ITE2Q;10.95;996
"Bachblüten Krankheit für Katzen 20g";B00L0IWQRQ;10.95;997
"Bachblüten Kratzwut Katzen 20g Globuli";B00L0J02OO;10.95;999
"Bachblüten Notfall Katzen 20g Globuli";B00L0J1LW6;9.95;995
"Bachblüten Protest Katzen 20g Globuli";B00L0J2PQW;10.95;943
"Balance Kapseln 50 Stk. AFN";B00H8TT6LA;24.95;
"Balance Pferd 1000g";B00BUN3U3A;29.95;963
"Balance-Natural 100ml";B0130GUBJ0;8.95;1993
"Balance-Natural Katzen 50 ml";B015J4TXE0;9.95;1980
"Balance-Natural Pferde 1 Liter";B015J714TE;34.95;1995
"Barf Complete 500g AFN";B00LN9ONUA;15.95;
"Barf Dorschlebertran";B00B0U7KFC;12.95;970
"Barf Dorschlebertran 500ml";B00AZZ5I8O;16.95;772
"Barf Set 2 Lachsöl Leinöl AFN";B01GFQO70G;15.95;
"Barf Öl Set 2 Leinöl Lachsöl 50";B01GFQO70G;13.95;977
"Barf-Line Gemüse & Kräuter 2000g";B00IYO50B8;39.95;994
"Barf-Öl Set 2 Leinöl Hanföl 2";B01AC288RW;19.95;1979
"Barf-Öl Set 3 AFN";B01AFYCVFW;29.95;
"Barf-Öl Set 3 Lachs Leinöl Hanföl 2";B01AFYCVFW;27.95;1925
"Basic Akut 100g AFN";B00HWS0XYQ;11.95;
"Beech Bachblüten 20ml Stockbottle";B00L2CN3YK;9.95;989
"Bierhefe BT 5kg Pferde AFN";B00GRQWRT8;17.95;
"Bierhefe Tabs 1,5kg";B017MA9NWG;27.95;1995
"Bierhefe Tabs 250Stk.";B017M9PJ16;7.95;1979
"Bierhefe Tabs 250Stk. AFN";B017M9PJ16;9.95;
"Bierhefe Tabs 500Stk.";B017M9XHKG;12.95;1954
"Bierhefe Tabs 500Stk. AFN";B017M9XHKG;14.95;
"Bierhefe rein 1kg AFN";B00AQXPMN6;12.95;
"Bierhefe rein 500 g AFN";B00AQXOTKI;8.95;
"Bierhefe reine 250g AFN";B00AQXNPBC;7.95;
"Bio-Bachblüten ""Bettler"" Hunde 20g";B00L2DRHCS;10.95;997
"Bio-Bachblüten Angsthase Hunde 20g";B00L2DM42Q;11.95;997
"Bio-Bachblüten Anspringen Hunde 20g";B00L2DPKWC;11.95;988
"Bio-Bachblüten Gewitter Hunde 20g";B00L2EJ3HY;12.95;998
"Bio-Bachblüten Krankheit Hunde 20g";B00L2DTBF4;11.95;999
"Bio-Bachblüten Leine ziehen Hunde 20g";B00L2AUMVE;11.95;977
"Bio-Bachblüten Lernen Pferde 50g";B00L2ADJDW;19.95;999
"Bio-Bachblüten Mittelpunkt Hunde 20g";B00L2DWHDW;10.95;889
"Bio-Bachblüten Notfall Hunde 20g";B00L2E0JMW;9.95;998
"Bio-Bachblüten Panik Pferde 50g";B00L2AG6KU;19.95;978
"Bio-Bachblüten Quälgeist Katzen 20g";B00L0J4600;10.95;994
"Bio-Bachblüten Rivalität Katzen 20g";B00L0JFCIU;10.95;971
"Bio-Bachblüten Rudelführer Hunde 20g";B00L2E4DVU;10.95;996
"Bio-Bachblüten Streitsucht Hunde 20g";B00L2E7XH6;10.95;995
"Bio-Bachblüten Trennung Hunde 20g";B00L2EAQL6;10.95;989
"Bio-Bachblüten Verstecken Katzen 20g";B00L0JJURY;10.95;994
"Bio-Bachblüten Wilderer Hunde 20g";B00L2EEG76;9.95;982
"Bio-Bachblüten Wildpferd Pferde 50g";B00L2AL7NQ;19.95;998
"Biologisches Zeckenspray 100ml";B01JZ04BLE;14.95;998
"Biologisches Zeckenspray 100ml AFN";B01JZ04BLE;16.95;
"Biotin-Mineral Vet Tabs 35 Stk";B01146PH7O;16.95;1977
"Bockshornkleesaat Pferde gem. 1000g";B00CD2UKQ2;29.95;810
"Bockshornkleesamen ganz 1 kg";B00NT9A090;9.95;997
"Borretsch Öl 100ml AFN";B016D3UV5G;9.95;
"Borretschsamen-Öl 100ml";B016D3UV5G;7.95;1985
"Borretschsamen-Öl 250ml";B016D3RGIQ;10.95;1728
"Borretschsamen-Öl 500ml";B016D3J4FE;24.95;1919
"Bouillon 250g AFN";B00IVS7CIQ;11.95;
"Bremsen-Ex MOBIL 100ml";B014KK4D0S;7.95;1993
"Bremsen-Ex Spray 100ml AFN";B014KK4D0S;9.95;
"Brennesselkraut grob geschnitten 10L";B016OFW1VA;19.95;1896
"Bronchial Akut 250g AFN";B00B83FWTW;28.95;
"Broncho-Natural 100ml";B0130LIYNK;8.95;1976
"Broncho-Natural Pferde 1 Liter";B015J86K0G;34.95;1984
"Buchweizenflocken k.b.A. 10kg";B00TZVS6ME;26.95;1467
"Buchweizenflocken k.b.A. 2kg";B00TZVQ9CS;9.95;451
CFY-P6Z-Q9N;B00LB7W9KU;19.95;21
CI-K85C-OW71;B019FRDG3Q;34.95;
"Centaury Bachblüten 20ml Stockbottle";B00L2CUXFM;9.95;986
"Cerato Bachblüten 20ml Stockbottle";B00L2CXZRA;9.95;995
"Chestnut Bud Bachblüten 20mlStockbottle";B00L2D4QP4;9.95;999
"Chicory Bachblüten 20ml Stockbottle";B00L2D7WC8;9.95;999
"Clematis Bachblüten 20ml Stockbottle";B00L2DAYTQ;9.95;998
"Coconut Oil 1 Litre AFN";B019HCTXAY;32.95;
"Coconut Oil 250ml AFN";B019HCTXB8;24.95;
"Colostrum 100g AFN";B00AN4WZWE;24.95;
"Colostrum 250g";B00AN23LYM;44.95;956
"Colostrum für Haustiere 100g";B00AN4WZWE;19.95;991
"Colostrum für Haustiere 500g";B00AN4YN6K;84.95;994
"Complete Menü 10kg";B00TTWOZ9C;57.95;994
"Complete Menü 1kg";B00TTWDUGG;11.95;999
"Complete Menü 1kg AFN";B00TTWDUGG;13.95;
"Complete Menü 2kg";B00TTWGOIW;17.95;995
"Complete Menü 5kg";B00TTWJNVM;29.95;991
"Contrador Spray 100ml AFN";B01HMCR89Y;22.95;
"Contrador Spray 500ml AFN";B01HMCR8A8;39.95;
"Country Beef 6x800g UK AFN";B01I9HHQXE;30.90;
"Crab Apple Bachblüten 20ml Stockbottle";B00L2DE64A;9.95;997
"Crab Apple Stockbottle 20ml AFN";B00L2DE64A;12.95;
DE-OFAT-KE8W;B00DTPYSZQ;11.95;981
"Darm Akut 100g AFN";B00B4B5072;19.95;
"Darm Formel Pro Pferd 1250g";B00B72B62G;29.95;7
"Darm Formel Pro Pferd 2000g";B00B72BJQ4;41.95;7
"Darm-Formel Pro 100g AFN";B00B2KW0P0;8.90;
"Diabetes Formel 250g AFN";B00C2R7SWW;28.95;
"Dolor Herbal Kapseln 50er AFN";B00DRBGL16;26.95;
"Dorrschlebertran 250ml AFN";B00B0U7KFC;14.95;
"Dorschlebertran 100ml AFN";B00B19SPVU;9.95;
"Ear Milte Oil 20ml AFN";B019FGJ3SY;27.95;
"Ear Milte Oil 50ml AFN";B019FGJ3Q6;39.95;
"Easybarf Büffel 12x400gxx";B01EWN8MGE;40.99;997
"Easybarf Büffel 12x800gxx";B01EUXGHV8;50.95;993
"Easybarf Pferd 12x400gxx";B01EWN8MIC;40.95;992
"Easybarf Pferd 12x800gxx";B01EUXGHOK;50.95;998
"Ei- Vital Formel 1kg";B01CZTFHXI;9.95;1969
"Eichhörnchenfutter 1kg AFN";B00RW12K62;11.95;
"Elm Bachblüten 20ml Stockbottle";B00L2DH688;9.95;997
"Erbsenflocken für Nager 1kg";B0194WZVIK;6.95;1877
FK-LKHL-KYJG;B01G2C8EXY;13.95;977
"FLockenmix 1kg AFN";B00NWVBOZO;8.95;
FY-WQHZ-Q0L7;B00APYQ8UW;42.90;905
"Feines Rind 12x400gx";B01EVEIVNS;25.95;974
"Fell und Haut Aktivformel 250g AFN";B00NE26UWI;18.95;
"Fellglanz Pferdeshampoo 1L AFN";B01E4K5C0Y;19.95;
"Flea and Parasite Powder 250ml AFN";B019QH03P4;24.95;
"Fleischknochenmehl 1kg";B01BQGW71Q;14.95;964
"Fleischknochenmehl 500g";B01BQGMBG2;8.95;973
"Flockenmix 2kg";B00TTWXLDS;9.95;988
"Flockenmix 5kg AFN";B00NWVFFXG;19.95;
"Floh-Ex Pulver 250ml";B01A73UF40;12.95;1826
"Floh-Ex Spray 250ml AFN";B00L6W49YE;19.95;
"Frisches Wild 12x400gx";B01EVEIW4Q;25.95;995
"Frisches Wild 12x800gx";B01EV41Q2Q;38.95;998
"Fruits and vegetables 1kg AFN";B019E99QTS;19.95;
"Früchte & Gemüse 1kg AFN";B00N016QWW;12.95;
"Früchte & Gemüse 2kg";B00TTYG32W;17.95;966
"Früchte & Gemüse 5kg";B00TTYJBR6;29.95;1932
"Früchte & Gemüse 5kg AFN";B00TTYJBR6;32.95;
"Früchte Gemüse Hunde 1 kg";B00N016QWW;11.95;941
"FrüchteGemüse mit Kräutern10KG";B00IIKT9MO;57.95;964
GBJ-5EP-SY0;B008L1CCXS;6.95;4
GC-FGVC-XREG;B00GO6VROM;4.90;34
"Gastro-Natural 100ml";B0130LPBZE;9.90;1990
"Gastro-Natural Pferde 1 Liter";B015J8GE0C;17.95;8
"Gaya-Kauhorn L";B00GO6VQI4;13.95;4
"Gaya-Kauhorn M";B00GO6VQUW;11.95;4
"Gaya-Kauhorn S";B00GO6VR7O;8.95;3
"Gaya-Kauhorn XL";B00GO6VQ7A;13.95;9
"Gaya-Kauhorn XS";B00GO6VROM;5.95;1
"Gelenkteufel Pferd 1000g";B01J60VFAS;39.95;998
"Gemüse-Kräuter Vielfalt 10 Kg";B00NCVGKBW;57.95;410
"Gemüse-Kräuter Vielfalt 1kg AFN";B00IE2GV3G;12.95;
"Gemüse-Kräuter Vielfalt 2kg";B00TTRFNN4;17.95;1978
"Gemüse-Kräuter Vielfalt 5kg AFN";B00IE2DO9U;31.95;
GemüseKräuterVielfalt5kg;B00IE2DO9U;29.95;432
"Gentian Bachblüten 20ml Stockbottle";B00L2DK7B6;9.95;996
"GeruchStop für Nager 2.500 g";B00NYYOH8A;14.95;879
"Gewitter Globulis Hund 20g AFN";B00L2EJ3HY;12.95;
"Gewitter Globulis Katze 20g AFN";B00L0IK41Q;12.95;
"Gorse Bachblüten 20ml Stockbottle";B00L2DMJ62;9.95;994
"Grasmilben-Spezial X 500 ml";B01ESYQ9US;26.95;873
"Green Lipped 100g dog AFN";B019WMWSOM;21.95;
"Green Lipped Capsules 100 tab AFN";B019XWR7O2;25.95;
"Großsittich-Spezial Naturfutter 1,5kg";B014F01UWM;14.95;1988
"Grüne Knabberlinsen 300g";B01B1OFAL2;4.90;1996
"Grünlippmuschel-Pulver 100g AFN";B00APYKJYI;14.95;
"Grünlippmuschel-Pulver 250g AFN";B00APYMTAA;24.95;
"Grünlippmuschel-Pulver Pferde 1000g";B00AR058K0;72.95;970
"Grünlippmuschelkapseln 100 Stk. AFN";B00CE9DGCE;15.95;
"Grünlippmuschelkapseln 100 Stk. Hunde";B00CE9DGCE;12.95;938
"Grünlippmuschelkapseln 300 Stk. AFN";B00VC9XL4K;34.95;
"Grünlippmuschelpulver 100g";B00APYKJYI;12.95;667
"Grünlippmuschelpulver 250g";B00APYMTAA;22.95;899
"Grünlippmuschelpulver Hund 1kg AFN";B00LU01OQS;74.95;
"Grünlippmuschelpulver Hund 500g AFN";B00APYQ8UW;44.95;
"Grünlippmuschelpulver Pferd 1kg AFN";B00AR058K0;74.95;
"Grünlippmuschelpulver Pferd 500g AFN";B00G6P7XPS;44.95;
"Grünlippmuschelpulver für Hunde 1.000g";B00LU01OQS;72.95;861
HJ-911B-H7HQ;B01INKVSK4;30.90;
"Hagebutten ganze Früchte 1000g";B00CBZ4NZA;12.95;936
"Hagebuttenschalen geschnitten 1,5kg";B0198C1ULI;14.95;1937
"Hanföl 1 Liter AFN";B00PE5VL0E;24.95;
"Hanföl 100ml AFN";B00PE5O1ME;10.95;
"Hanföl 500ml AFN";B00PE5SRA6;14.95;
"Heather Bachblüten 20ml Stockbottle";B00L2DOD8O;9.95;990
"Heimatgarten 5kg AFN";B00TTTJ3F6;31.95;
"Heimatgarten Gemüsenapf 10kg";B00TTTMTSY;57.95;996
"Heimatgarten Gemüsenapf 1kg";B00TTT9MWU;11.95;997
"Heimatgarten Gemüsenapf 5kg";B00TTTJ3F6;29.95;991
"Herzhaftes Lamm 12x400gx";B01EVEIVO2;25.95;988
"Herzhaftes Lamm 12x800gx";B01EV41RCK;42.95;980
"Hirseflocken 10kg";B00TZW7YLM;26.95;1423
"Hirseflocken 2kg";B00TZW6AGC;9.95;471
"Holly Bachblüten 20ml Stockbottle";B00L2DQ3LY;9.95;998
"Honeysuckle Bachblüten 20ml Stockbottle";B00L2DRLOW;9.95;991
"Hornbeam Bachblüten 20ml Stockbottle";B00L2DTZ96;9.95;998
"Huf & Fell Kieselgur 3,5kg Pferde AFN";B00GSWCCAU;21.95;
"Hufbalsam mit Lorbeeröl 750ml";B0114AT384;9.90;22
"Hufpflege Spray 1000 ml";B00CXLCDK4;19.95;935
"Hufrehe Aktiv Kur";B00BU2BJD4;35.95;993
"Huhn Junior 12x400gx";B01ETGX2IW;25.95;958
"Huhn Katze 12x200gx";B01ETMI736;22.95;951
"Hühnertraum 2,5kg";B014UZ0BWW;14.95;1702
"Hühnertraum 2,5kg AFN";B014UZ0BWW;16.95;
"Immun-Natural 100ml";B0130M0L8U;7.95;1975
"Immun-Natural Pferde 1 Liter";B015J56C5C;17.95;3
"Immun-Natural flüssig für Katzen 50 ml";B015J1MRDW;9.95;1937
"Impatiens Bachblüten 20ml Stockbottle";B00L2DXG2S;9.95;995
"Ingwer & Teufelskralle 1000 g AFN";B00C0VK50W;24.95;
"Ingwer für Hunde 250 g";B00OZEHQY0;9.95;943
"Itchy Skin Spray gras mite 500ml UK AFN";B01LAVAYHQ;35.90;
JIJ-ZDW-RZS;B00LB7WAR2;23.95;9
"Junior Komplex 250g AFN";B00AWPM0WO;25.95;
"Junior Menu 6x400g UK AFN";B01L98HQ26;26.95;
KM8-RXN-ISU;B00LB7W6DU;6.95;1
"Kanarienvogel-Spezial Naturfutter 1,5kg";B014F0944I;12.95;1996
"Karottenflocken 10kg";B00TZO79WO;59.95;1499
"Karottenflocken 1kg";B00TZO3ACW;9.95;474
"Kartoffelflocken 10kg";B00V6B5PRU;34.95;992
"Kartoffelflocken 1kg";B00V684YMU;8.95;998
"Kartoffelflocken 2kg";B00V686UMC;11.95;996
"Kartoffelflocken 5kg";B00V6B3S38;19.95;990
"Katzenkralle 100g AFN";B00Y0AV1V8;9.95;
"Katzenkralle 250g AFN";B00Y0B06CM;18.95;
"Katzenkralle Pulver 100g";B00Y0AV1V8;8.95;1972
"Katzenkralle Pulver 1kg";B00Y0B7K1C;36.95;1950
"Katzenkralle Pulver 250g";B00Y0B06CM;16.95;1984
"Katzenminze AFN";B00EUEXSEM;4.95;
"Kieselgur für Hunde 500g";B00VE59E1G;7.95;1968
"Kieselgur für Hunde 500g AFN";B00VE59E1G;9.95;
"Knoblauch-Pellets für Pferde 1,5kg";B01BDC7E8E;6.95;3
"Knochenkraft 1kg AFN";B00JEKEW2O;16.95;
"Knochenmehl 1000g";B01BQGTW96;19.95;878
"Knochenmehl 500g AFN";B01BQGMBG2;12.95;
"Knusperherzen 300g";B01B1OT40K;5.90;1998
"Kokosshampoo Hunde 200ml";B01B4WQ3L2;9.95;1957
"Kokosshampoo für Hunde 200ml AFN";B01B4WQ3L2;12.95;
"Kokosöl 1000ml Nr. 2";B0154XE5FS;16.95;1577
"Kokosöl 250ml AFN";B00KFPAWYY;9.95;
"Kontrador Spray 100 ml";B01DFDN5SC;14.95;
"Kontrador Spray 100 ml  AFN";B01DFDN5SC;12.95;2000
"Kontrador Spray 500 ml AFN";B01DFDN5RS;31.95;2000
"Kükenglück 250g AFN";B01I140V32;11.95;
"Lachsöl 1 Liter AFN";B00BKYZHE4;16.95;
"Lachsöl 100ml AFN";B00EIMSH7E;8.95;
"Lachsöl 250ml AFN";B00EIMU1UU;9.95;
"Lachsöl 5 Liter AFN";B00IQBAZPK;39.95;
"Lachsöl 500ml";B00BKYV37E;9.95;820
"Lachsölkapseln 1000 Stk.";B018XAGMX2;29.95;966
"Lachsölkapseln 200 Stk. AFN";B00S590AC6;17.95;
"Land Chicken 6x800g UK AFN";B01INMESFE;30.90;
"Larch Bachblüten 20ml Stockbottle";B00L2E239E;9.95;998
"Lebertran-Zinksalbe 200ml";B00TZMC7Z0;9.95;998
"Lederbalsam mit Bienenwachs";B00TTPOU6M;5.95;20
"Lederöl mit Bienenwachs";B00TZL4OZM;6.95;19
"Leinsamenriegel für Pferde 1 kg";B00I842W7O;6.95;104
"Leinöl 1 Liter AFN";B00C67BXCY;12.95;
"Leinöl 5l AFN";B00CD2UKQ2;31.95;
"Leinöl für Pferde 1000ml";B00C67BXCY;10.95;903
"Löwenzahn für Nager 1 Liter";B00OCH6K74;9.95;911
"Löwenzahnwurzel mit Kraut geschn. 5 L";B00O2Z19I6;19.95;936
"Mageinfein für Hunde 500g AFN";B00Y28IWHY;14.95;
"Magenfein für Hunde 500g";B00Y28IWHY;9.90;1942
"Magenfein für Pferde 2kg";B00Y293MVE;14.90;1845
"Mariendistel-Ringe für Pferde 800g";B01BDBTOOW;5.90;1992
"Mariendistelsamen gemahlen 1 kg";B00NT7DTAO;12.95;921
"Mauke & Ekzem Pflegepuder 1 Liter";B00ISB89W4;17.95;977
"Mauke Formel 1kg AFN";B00JOPU82C;41.95;
"Milben Frei Kaninchen Pulver 250ml AFN";B00IVRLQJS;14.95;
"Milben Stop 5 Liter Hühner AFN";B00ZA5QERS;49.95;
"Milben Stop Hühner 5 Liter flüssig";B00ZA5QERS;47.95;1862
"Milben Stop Puder 10 Liter AFN";B00G48H1V8;34.95;
"Milben Stop Puder 1000g incl. Puderfl.";B00DQSJRKC;12.95;893
"Milben Stop Puder 2000g incl. Flasche";B00CPOUZY0;21.95;397
"Milben Stop Puder 2kg AFN";B00CPOUZY0;24.95;
"Milben Stop Puder Hunde Katzen 250ml";B015RDBB6G;9.95;1516
"Milben Stop Spray 100ml AFN";B00Q6UIZUK;14.95;
"Milben Stop Spray 250ml AFN";B00FGT9JNE;20.95;
"Milben Stop Spray 500ml AFN";B00CFNICDM;28.95;
"Milben Stop Spray 50ml AFN";B00CFNEIDK;11.95;
"Milben Stop Spray Hühner 1 Liter AFN";B00WSB91I6;19.95;
"Milben Stop für Hunde 100 ml";B00OF3R3VC;12.95;912
"Milben-Stop Hühner 1Liter AFN";B00DQSJRKC;12.95;1907
"Milben-Stop Puder 1 Liter";B00DQSJRKC;14.95;
"Milben-Stop Spray PLUS Hühner 100ml";B00WSBUNVA;11.95;1693
"Milben-Stop Spray für Hühner 1 Liter";B00WSB91I6;17.95;1458
"Mimulus Bachblüten 20ml Stockbottle";B00L2E5JVI;9.95;997
"Mimulus Stockbottle 20ml AFN";B00L2E5JVI;12.95;
"Mineral Formel 100 g";B00CO3NOEA;6.95;994
"Mineral Formel 1000g Hunde&Katzen";B00CO3RNEC;19.95;973
"Mineral Formel 100g AFN";B00CO3RNEC;21.95;
"Mineral Formel 250 g";B00CO3ON1I;9.95;979
"Mineral Formel Pferd 1000g";B00CO4BTG4;24.95;998
"MineralVital für Hühner 5kg";B0176KMHTI;9.95;1620
"Mite Control Spray 1 litre AFN";B019IQ04TI;29.95;
"Mite Stop Powder 250ml AFN";B019IOQZ4S;19.95;
"MultiVitamin 100g AFN";B01HMF886S;29.90;
"MultiVitamin Tabs 100 UK AFN";B01JLUMWF0;23.90;
"Multivitamin 100g AFN";B01CI83EWW;11.95;
"Multivitamin Tabs 100 Stk.";B01I9CE0OC;9.95;989
"Multivitamin Tabs 100 Stk.AFN";B01I9CE0OC;11.95;
"Muschelgrit 1kg";B00OZPRZKE;9.95;947
"Mustard Bachblüten 20ml Stockbottle";B00L2EACEW;9.95;999
NDO-190-L9A;B008L1CCX8;12.95;18
"Nachtkerzenöl 1 Liter AFN";B00CANFKFU;46.95;
"Nachtkerzenöl 100ml AFN";B00ET60HQI;18.95;
"Nagerfutter 10 Liter AFN";B00O24Q78O;19.95;
"Nagerfutter 10 Liter Nachfüllpack AFN";B01E6RAQJW;14.95;
"Natur Nagerfutter 10 Liter";B00O24Q78O;17.95;890
"Natura Crock 5 kg neu";B00MVZSEKA;19.95;995
"NaturaForte Flohsamen ganz 1kg";B019C1XJO6;9.95;1864
"NaturaForte Flohsamenpulver 500g AFN";B00T52MEDA;13.95;
"NaturaForte Flohsamenschale 1kg AFN";B00IMKYAQA;17.95;
"NaturaForte Flohsamenschalenpulver 1kg";B0123XUVDW;15.95;1957
"NaturaForte Gerstengraspulver 1kg AFN";B01D8TYQKY;17.95;
"NaturaForte Grünlipp 500g Dose";B00TTYDURS;29.95;1818
"NaturaForte Grünlipp 500g Dose AFN";B00TTYDURS;31.95;
"NaturaForte Grünlippmuschelpulver 1 kg";B00IO2C6QM;69.95;930
"NaturaForte Grünlippmuschelpulver 100g";B00IO25YFC;9.95;850
"NaturaForte Grünlippmuschelpulver 250g";B00IO28OW2;24.95;941
"NaturaForte Grünlippmuschelpulver 500g";B00IO2A83U;39.95;956
"NaturaForte Hagebutten ganz 2000g";B00RHTGEXE;13.95;979
"NaturaForte Hagebuttenpulver 1kg AFN";B00MAMSPA8;17.95;
"NaturaForte Ingwerpulver 1kg AFN";B00ILQXOXK;15.95;
"NaturaForte Kieselgur 3kg AFN";B00CAOT9VA;21.95;
"NaturaForte Kieselgur 5kg AFN";B00YAJE9ZE;29.95;
"NaturaForte Lavendelblüten 1kg";B019MSANWK;14.95;905
"NaturaForte Lavendelblüten 1kg AFN";B019MSANWK;16.95;
"NaturaForte MSM Hunde 100g";B01ALUA5BM;11.95;
"NaturaForte OPC 100 Kapseln";B019ADJ3NM;14.95;60
"NaturaForte Thymian geschnitten 1000g";B00JNDFJXS;9.95;978
"NaturaForte ganze Hagebutten 1000g";B00IPND0TW;9.95;852
"NaturaForte ® Ingwer gemahlen 1kg";B00ILQXOXK;11.95;929
"NaturaForte ® Teufelskralle 1000 g";B00IOSV540;14.95;567
"NaturaForte® 5 kg Hagebutten ganz";B00PCF9IL0;32.95;793
"NaturaForte® Hagebutten 10 kg ganz";B00RHTL0HY;54.95;979
"NaturaForte® Hagebutten 3 kg ganz";B00RHTIKJU;19.95;910
"NaturaForte® Lachsöl 5 Liter";B00REUST4S;23.95;914
"Natural Flea Spray 250ml AFN";B019QB91DK;29.95;
"Naturkräuter Mix gem. Hunde 1000 g";B00CD6KKCC;29.95;901
"Naturstreu für Nagetiere 8 Liter";B019WLUWGE;6.95;1994
"Natürliches Collagen Hund Katze 250g";B016Q2OX6C;18.95;1965
"Natürliches Collagen Hund Katze 450g";B016Q2XZQQ;31.95;1985
"Natürliches Collagen Hund Katze 80g";B016Q2JHG8;9.95;1968
"Natürliches Multivitamin 100g";B01CI83EWW;9.95;985
"Nierenformel Katze 20g";B01J9YWSFW;9.95;995
"Notfall Globulis Hund 20g AFN";B00L2E0JMW;12.95;
OM-GRX6-O3PL;B00IE2GV3G;11.95;993
OQ-U22D-8GLR;B019QIB8HK;27.95;
OT-4GC5-S2C7;B019IM1EQY;33.95;
"Oak Bachblüten 20ml Stockbottle";B00L2EE39M;9.95;999
"Ohrenpflege Hund 20ml AFN";B00CI7DAE6;14.95;
"Ohrenpflege mild Katze 20ml AFN";B00CI77X26;14.95;
"Ohrenreiniger Kamille 250ml AFN";B00K4E2WFS;14.95;
"Ohrmilbenöl 20ml AFN";B00J4VBU6E;17.95;
"Ohrmilbenöl 50ml AFN";B00DTPAQUW;29.95;
"Ohrmilbenöl Hunde Katzen 20 ml";B00NTTO726;15.95;1631
"Ohrmilbenöl für Hunde und Katzen 20ml";B00J4VBU6E;15.95;915
"Olive Bachblüten 20ml Stockbottle";B00L2EG5ZW;9.95;993
"Omega 3 Extract 100g AFN";B019WKS5BE;19.95;
"Omega 3-6-9 Öl - 50 ml";B00CS1X0LA;6.95;8
"Omega 3-6-9 Öl 250 ml";B00OZMD1OG;20.95;47
"Omega-3-Extrakt Hunde & Katzen 100g";B016Y3TI2M;9.95;1979
"Omega-3-Extrakt Hunde 450g";B016Y46JBY;22.95;1988
"Omega-3-Extrakt Pferde 600g";B016Y4H1D4;24.95;1994
"Papagei-Spezial Naturfutter 2,5kg";B014F0IM78;18.95;1984
"Pfotenpflege 20ml AFN";B00GOPNLU6;11.95;
"Pfotenschutz Balsam 120ml AFN";B00GOOHRBG;16.95;
"Pine Bachblüten 20ml Stockbottle";B00L2EIX2K;9.95;995
"Premium Food Oil 500ml AFN";B019H9ED0C;29.95;
"Premium Food il 1 Litre AFN";B019H9ECY4;36.95;
"Premium Futteröl 1 Liter AFN";B00AU16UVM;28.95;
"Premium Futteröl 500ml AFN";B00AU15Z8Q;19.95;
"Premium Vitalformel 400g";B00E9BMPIQ;11.95;14
"Propolis-Extrakt Kapseln 50Stk. AFN";B011INHTWE;19.95;
"Prosta Vet 250g AFN";B00C20P7EA;23.95;
"Pure Brewer's Yeast 1kg dog cat horseAFN";B019QNLH1C;21.95;
"Pure Brewer's Yeast 5kg horse AFN";B019WJT992;32.95;
"PureNature Easybarf Büffel 800g AFN";B01FW6U7O0;29.95;
"PureNature Fish & Turkey  AFN";B01ETMI7KO;14.95;
"PureNature Fish & Turkey 6x200g";B01ETMI7KO;12.95;997
"PureNature Probierpaket 5+1 AFN";B01ERRYZQ6;16.95;
"PureNature Probierpaket Katze AFN";B01H56MA4K;12.50;
"PureNature easyBarf Rind Pur 12x800g";B01INE8LJ6;45.95;998
"PureNature easyBarf Rind Pur 6x800g";B01HXO738W;21.95;997
"PureNature easybarf Lamm Pur 12x800g";B01INDO9K2;41.95;999
"PureNature easybarf Lamm Pur 6x800g";B01INDHBAW;25.95;997
"Pute Lachs 12x200gx";B01ETMI768;22.95;986
RWP-SWY-A2V;B008L1CD82;10.95;6
RZ-VCLF-6DYJ;B00B19SPVU;7.95;979
"Red Chestnut Bachblüten 20mlStockbottle";B00L2EPYEK;9.95;994
"Reisflocken 1kg AFN";B00ND0JU8M;8.95;
"Reisflocken 2kg";B00U10UVGC;9.95;960
"Reisflocken 5kg AFN";B00ND0QUOE;19.95;
"Reiskeimöl 1000 ml";B00CBUI4SW;14.95;975
"Reptinol D3 30ml";B01B7VT1B4;8.95;1999
"Rivalität Globulis 20g AFN";B00L0JFCIU;12.95;
"Rock Rose Bachblüten 20ml Stockbottle";B00L32A4GY;9.95;997
"Rock Water Bachblüten 20ml Stockbottle";B00L32C5UC;9.95;993
"Rodentin Caring 150g";B01CIB7RYU;12.95;997
"Rodentin D3 30ml";B01B7WDJ6Q;8.95;1998
"Rodentin Vitalkräuter 100g";B01CI9I1H4;6.95;999
"Rote Knabberlinsen 300g";B01B1OJYKU;4.90;1997
S4N-MZW-YVO;B008L1CCDS;5.95;28
"SKin Wonder 250ml";B01J9XEDII;12.95;999
"SKin Wonder 250ml AFN";B01J9XEDII;14.95;
"Saftiger Büffel 12x400gx";B01EVEIVLK;25.95;992
"Saftiger Büffel 12x800gx";B01EV41OX2;38.95;986
"Salmon oil 1000ml AFN";B01C60L83E;25.95;
"Sanfte Augenpflege 30ml AFN";B0187H7SHU;10.95;
"Schinkenknochen Groß";B01CER5Z2O;5.90;983
"Schinkenknochen Klein";B01CEQQBNW;2.95;963
"Schinkenknochen Mittel";B01CER0CVS;3.95;980
"Schonkost Menu 5kg AFN";B00NCYKO6G;29.95;
"Schonkost Menue 10 kg";B00NCYNNZK;55.95;997
"Schonkost Menue 1000 g";B00NCXXZPE;9.95;996
"Schonkost Menue 5000 g";B00NCYKO6G;27.95;997
"Schonkost Menü 1kg AFN";B00NCXXZPE;11.95;
"Schonkost Menü 2kg";B00TTUA0UC;15.95;997
"Schwarzkümmelsamen Ägypten 1 kg";B00NTA5R1A;14.95;955
"Schwarzkümmelöl 100ml";B00BBVZKZM;14.95;1883
"Schwarzkümmelöl 250ml";B00BBW1EAG;19.95;1919
"Schwarzkümmelöl 500ml";B00BBW4B5G;29.95;1962
"Schweif & Mähne Pflegespray 500 ml";B00NFSUM98;14.95;479
"Scleranthus Bachblüten 20ml Stockbottle";B00L32JO2Y;9.95;997
"Shampoo Aloevera für Welpen 400ml AFN";B00F1HQMN6;13.95;
"Shampoo Neemöl für Hunde 400ml AFN";B00F1H7OF6;13.95;
"Skin Wonder 500 AFN";B01ID9I1KK;21.95;
"Skin Wonder 500ml";B01ID9I1KK;19.95;994
"Skin Wonder 500ml AFN";B01HMK5X6G;25.95;
"SlimVital für Katzen 100g";B012X4RUBC;6.95;1988
"SlimVital für große Hunde 500g";B012X5L2J2;8.95;1992
"SlimVital für mittelgroße Hunde 250g";B012X579SA;9.95;1997
"Slippery Elm Bark 100g UK AFN";B01KO26WU0;23.90;
"Sommergemüse 10kg";B00TZLTXCG;57.95;997
"Sommergemüse 1kg";B00TZLOS30;11.95;992
"Sommergemüse 1kg AFN";B00TZLOS30;13.95;
"Sommergemüse 2kg";B00TZLR0CQ;17.95;997
"Sommergemüse 5kg";B00TZLSIPO;29.95;998
"Sommergemüse 5kg AFN";B00TZLSIPO;31.95;
"Stall Vital 10 kg Granulat für Hühner";B00POY1KQK;27.95;912
"Stall Vital 2000g Granulat für Hühner";B00NP633M8;9.95;804
"Star of Bethlehem Bachblüten 20ml";B00L32N9F2;9.95;994
"Sweet Chestnut Bachblüten 20ml Stockbot";B00L32R1YC;9.95;997
TR4-MCI-3T1;B008L1CC9M;4.95;32
"Tartar- Ex 80g AFN";B019FKFZYQ;21.95;
"Taurin Hund 100g AFN";B00C25PC7W;12.95;
"Taurin Katze 100g AFN";B00AYEI09U;12.95;
"Taurin für Hunde 100g";B00C25PC7W;9.95;909
"Teufelskralle 100g AFN";B00AWSFEU6;12.95;
"Teufelskralle 250g AFN";B00AYCXTTS;14.95;
"Teufelskralle 500g AFN";B00SHW1VL0;16.95;
"Teufelskralle Kapseln 100 Stk. AFN";B00IWA7E9A;21.95;
"Teufelskralle Pferd 1kg AFN";B00C0SVCXO;24.95;
"Teufelskralle Pferd 500g AFN";B00EVQA49G;14.95;
"Thymian-Pellets für Pferde 1,5kg";B01BDBNVUA;6.95;1997
"Tick Shield 60 capsules AFN";B019QAA3CE;32.95;
"TopinPur VET Dog Hunde 30 ml Aplikator";B00G1M86F2;14.95;947
"TopinPur VET Horse Pferde 60ml";B00G1L1Q1E;16.95;910
"Truthahn Katze12x200gx";B01ETMI7DG;22.95;977
"Ulmenrinde 250g";B019N40MUG;24.95;1997
"Ulmenrinde 250g AFN";B019N40MUG;26.95;
"Ulmenrinde Pulver 100g";B00Y2VVAEI;11.95;1806
"Ulmenrinde Pulver 100g AFN";B00Y2VVAEI;13.95;
"Umgebungs Reiniger 100 ml";B00CIT099I;11.95;994
"Umgebungs Reiniger 500 ml";B00CIT2CWA;18.95;493
"Umgebungsreiniger 1 Liter AFN";B00J0WZXJM;27.95;
"Umgebungsreiniger Spray 500ml";B00CIT2CWA;20.95;
"Ungeziefer-Stop Spray Nager 100ml";B018SM0LVO;9.95;1989
"Ungeziefer-Stop Spray Nager 100ml AFN";B018SM0LVO;11.95;
V8A-2R2-RRL;B008L1CCJ2;7.95;37
"Vervain Bachblüten 20ml Stockbottle";B00L32U6TE;9.95;996
"Vervain Stockbottles 20ml AFN";B00L32U6TE;12.95;
"Vet Ear Cleaner 250ml UK AFN";B01KTQCAG6;24.95;
"Vine Bachblüten 20ml Stockbottle";B00L333L7M;9.95;989
"Vital Snack Duck 150g UK AFN";B01L056D9U;17.90;
"Walnut Bachblüten 20ml Stockbottle";B00L3371K0;9.95;994
"Water Violet Bachblüten 20mlStockbottle";B00L33DVY0;9.95;994
"Weidenrinde geschnitten 1 kg";B00NT83KBQ;14.95;926
"Weizenkeimöl 100ml";B00CDMOPDQ;13.95;998
"Weizenkeimöl 100ml AFN";B00CDMOPDQ;15.95;
"Wellensittich-Spezial Naturfutter 1,5kg";B014EZ6VZO;12.95;1972
"White Chestnut Bachblüten 20ml Stockbot";B00L33L3M2;9.95;998
"WhiteNature Katzenstreu 16 Liter";B01BYERRGA;9.95;999
"WhiteNature Katzenstreu 32 Liter";B01BYEVM1G;17.95;946
"WhiteNature Katzenstreu 8 Liter";B01BYELN10;5.95;985
"Wild Buffalo 6x400g UK AFN";B01K7SXEKC;23.90;
"Wild Forest 6x400g UK AFN";B01K7N8V0U;23.90;
"Wild Oat Bachblüten 20ml Stockbottle";B00L33P1OS;9.95;995
"Wild Rose Bachblüten 20ml Stockbottle";B00L33RYES;9.95;998
"Willow Bachblüten 20ml Stockbottle";B00L33TTZ0;9.95;999
"Worm Formula 50 capsules dog AFN";B019QJ6JSW;31.95;
"Worm Formula Mild 50ml AFN";B019QL1F84;29.95;
"Worm Formula Sheep 200g AFN";B019FQ1ZXA;38.95;
"Worming Formula Chicken 20g AFN";B019FOPYKM;27.95;
"Wurm Formel Hund 250g AFN";B00BATNXWC;44.95;
"Wurm Formel Hühner 100 g";B00NP84XR0;49.95;999
"Wurm Formel Hühner 20 Gramm";B00X2OANLM;17.95;1850
"Wurm Formel Katzen flüssig 50ml AFN";B00U3R2Y9U;20.95;
"Wurm Formel Schafe Ziegen 1kg AFN";B00YSEWXP4;101.95;
"Wurm Formel für Nager 10 g";B00CP46G9S;12.95;840
"Wurm-Formel Geflügel 100g AFN";B00NP84XR0;49.95;
"Wurm-Formel Geflügel 50g AFN";B01896QTMY;29.95;
"Wurm-Formel Hund 20g AFN";B00BATFBCM;19.95;
"Wurm-Formel Hühner 20g AFN";B00X2OANLM;19.95;
"Wurm-Formel Hühner 50g";B01896QTMY;27.95;1859
"Wurm-Formel Kapseln 10 Stk. AFN";B00GY1CGZG;14.95;
"Wurm-Formel Kapseln 100 Stk. AFN";B00DY7N8M8;32.95;
"Wurm-Formel Kapseln 50 Stk. AFN";B00CFIG9W8;22.95;
"Wurm-Formel Pferd 250g AFN";B00G6POUZE;59.95;
"Wurm-Formel Pferd 50g AFN";B00CZ76RD0;22.95;
"Wurm-Formel Schafe 1kg";B00YSEWXP4;99.95;1972
"Wurm-Formel Schafe 200g";B00O60S2F0;26.95;948
"Wurm-Formel Schafe 200g AFN";B00O60S2F0;26.95;1949
"Wurm-Formel Schafe 400g";B00YSELBUC;39.95;1980
"Wurm-Formel Schafe Ziegen 200g AFN";B00O60S2F0;28.95;
"Wurm-Formel Welpen 20g AFN";B00IQWXV5K;19.95;
"Wurm-Formel Welpen ab der 6. Woche 20 g";B00IQWXV5K;14.95;995
"WurmKapseln 10 Stk";B00GY1CGZG;12.95;967
"Wurmformel Nager AFN";B00CP46G9S;14.95;
"Wurmkapseln 50 für Hunde";B00CFIG9W8;19.95;923
X5U-I9O-57N;B008L1CCFQ;16.95;8
Y0N-AKO-6QB;B00LB7W8GK;9.95;1
"Zahnstein Ex 80g";B00GLOAPA4;13.95;982
"Zahnstein-Ex 150g AFN";B00BJ3CLGS;24.95;
"Zahnstein-Ex 300g AFN";B00ATO3TEQ;34.95;
"Zahnstein-Ex 80g AFN";B00GLOAPA4;15.95;
"Zartes Huhn 12x800gx";B01EV41N6A;38.95;982
"ZeckenSchild mittlere Hunde 180 Stk.";B01171YUAG;54.95;1832
"Zeckenschild 60er Riesenrassen";B01K1L260O;24.95;1996
"Zeckenschild 60er Riesenrassen AFN";B01K1L260O;26.95;
"Zeckenschild 60er große Hunde AFN";B00JDQT2O2;22.95;
"Zeckenschild 60er kleine Hunde AFN";B00JCCIJ1Y;20.95;
"Zeckenschild 60er mittelgroße Hunde";B00JDQQMXQ;20.95;1983
"Zeckenschild 60er mittelgroße Hunde AFN";B00JDQQMXQ;22.95;
"Zeckenschild Katzen 60 Dosierkapseln";B00JCD7Q76;18.95;702
"Zeckenschild für Hunde 60 Kapseln";B00JCCIJ1Y;18.95;729
"Zeckenschild für Pferde 2.000g";B00JCDSQC0;49.95;962
"Zeckenschild große Hunde ab 35 kg";B00JDQT2O2;20.95;805
"Zinksalbe 250ml";B00TZM2BVU;9.95;998
"calcium carbonat 100 g";B00B23G774;7.95;996
"devils claw 2 250g AFN";B01ENA98AK;24.95;
"easybarf Büffel 6x400g";B01FUNVSMU;21.95;981
"easybarf Büffel 6x800g";B01FW6U7O0;26.95;983
"easybarf Lamm Pur 12x400g";B01M0U2M7P;33.95;999
"easybarf Lamm Pur 6x400g";B01HXUQB9I;17.95;999
"easybarf Pferd 6x400g";B01FUNVSQ6;21.95;963
"easybarf Pferd 6x800g";B01FW6U7RC;26.95;979
"easybarf Rind 12x400g";B01HXO72IS;33.95;999
"easybarf Rind 6x400g";B01HXO72IS;17.95;991
"feines rind 6x400g";B01G27N98Y;13.95;979
"frisches wild 6x400g";B01G27N984;13.95;998
"frisches wild 6x800g";B01G2A84FY;20.95;984
"herzhaftes lamm 6x400g";B01G27N998;13.95;993
"herzhaftes lamm 6x800g";B01G2A84EK;20.95;969
"huhn katze 6x200g";B01G3768TK;11.95;955
"linseed oil 2 1000ml AFN";B01ENARHJY;23.95;
"omega-3-Extrakt Hunde 250g";B016Y427X8;16.95;1990
"pute lachs 6x200g";B01G3768VI;11.95;956
"saftiger büffel 6x400g";B01G27N97U;13.95;996
"saftiger büffel 6x800g";B01G2A84E0;20.95;959
"truthahn brokkoli 6x200g";B01G3768TA;11.95;981
"zartes huhn 6x800g";B01G2A84G8;20.95;966
"Öko Katz Easy Bag 2kg";B00XTRMV3A;4.95;8
"Öko-Meeresalgenkalk 1kg AFN";B00JF9L5RO;17.95;
"Öko-Meeresalgenkalk 500g AFN";B00JF9JK1M;14.95;
"Agility Vet Tabs 300 tabs UK AFN";B01M1JT73I;69.90;0
"AniForte Hagebuttenpulver 1000g";B00CARGS1Q;19.95;
"AniForte Knochen-Kraft 250g AFN";B00AYX3HEE;9.90;
"AniForte PureNature Country Beef AFN";B01G2A84F4;22.90;
"AniForte PureNature Fish & Turkey AFN";B01ETMI768;25.95;
"AniForte PureNature Land Chicken AFN";B01G27N97K;15.90;
"AniForte PureNature Wild Rabbit AFN";B01G3768S6;13.95;
"AniForte Universal Futteröl 50 ml";B00EVQMHA0;4.90;0
"Biologisches Zeckenspray 250 AFN";B00KRJPZ9U;21.95;
"Cherry Plum Bachblüten 20ml Stockbottle";B00L2D0VVM;9.95;0
"Cherry Plum Stockbottle 20ml AFN";B00L2D0VVM;12.95;
"Chestnut Bud Stockbottle 20ml AFN";B00L2D4QP4;12.95;
"Eichhörnchenfutter 2kg AFN";B00LGNJBVO;19.95;
"Feines Rind 12x800gx";B01EV41OBY;38.95;0
"Floh-Ex 250ml Pulver AFN";B01A73UF40;14.95;
"Gemüse-Kräuter Vielfalt 10kg AFN";B00NCVGKBW;59.95;
"Heimatgarten 1kg AFN";B00TTT9MWU;13.95;
"Kontrador Spray 100 ml AFN";B01DFDN5SC;14.15;0
"Land Chicken 6x400g UK AFN";B01INMESM2;23.90;
"MultiVitamin 500g AFN";B01HMHF6ZC;45.95;
"NaturaForte MSM Pferde 1kg";B01ALUVQ5G;13.95;
"Neem Oil Shampoo 400ml AFN";B01BOU0KX6;23.95;
"Propolis-Extrakt Kapseln 50 Stk.";B011INHTWE;17.95;0
"Propolis-Extrakt Pulver 20g";B011INQRAE;12.95;0
"Propolis-Extrakt Pulver 20g AFN";B011INQRAE;14.95;
"Protest Globulis 20g AFN";B00L0J2PQW;12.55;
"PureNature Probierpaket Hund 5+1";B01ERRYZQ6;13.95;0
"PureNature Probierpaket Katze";B01H56MA4K;10.50;0
"PureNature Probierpaket easybarf 4+1";B01KTKQT0K;18.95;0
"PureNature Probierpaket easybarf 4+1 AFN";B01KTKQT0K;20.95;
"Seealgenmehl 100g AFN";B00B1DBMYI;6.90;
"TopinPur Pferd 60ml AFN";B00G1L1Q1E;18.90;
"Truthahn Kaninchen 12x200gx";B01ETMI75Y;22.95;0
"Vital Snack Dried fish 200g UK AFN";B01LYAZU23;19.90;
"Zartes Huhn 12x400gx";B01EVEIVYC;25.95;0
"feines rind 6x800g";B01G2A84F4;20.95;0
"truthahn kaninchen 6x200g";B01G3768S6;11.95;0
"zartes huhn 6x400g";B01G27N97K;13.95;0
