"Rulers of Nations Steam",,,,,,,,
"Quantum Rush Champions Steam",,,,,,,,
"Poltergeist: A Pixelated Horror",,,,,,,,
"Pineview Drive Steam",,,,,,,,
"Nicolas Eymerich The Inquisitor Book 1 The Plague",,,,,,,,
"Next Car Game: Wreckfest Steam",,,,,,,,
"Neverending Nightmares Steam",,,,,,,,
"Never Alone (Kisima Ingitchuna) Steam",,,,,,,,
"Mind: Path to Thalamus Steam",,,,,,,,
"Lumino City Steam",,,,,,,,
"LEGO The Hobbit Steam",,,,,,,,
"Kingdom Rush Steam",,,,,,,,
"Iron Storm Steam",,,,,,,,
"Half Minute Hero: The Second Coming",,,,,,,,
"Guacamelee! Super Turbo Championship edition Steam",,,,,,,,
"Game of Thrones A Telltale Games Series Steam",,,,,,,,
"Franchise Hockey Manager 2014 Steam",,,,,,,,
"Eufloria HD Steam",,,,,,,,
"Crimzon Clover WORLD IGNITION Steam",,,,,,,,
"Construction Machines 2014 Steam",,,,,,,,
"Chess 2: The Sequel Steam",,,,,,,,
"Bound By Flame Steam",,,,,,,,
"BloodRayne Betrayal Steam",,,,,,,,
"BlazeRush Steam",,,,,,,,
"BlazBlue: Continuum Shift Extend Steam",,,,,,,,
"Black Viper: Sophia's Fate Steam",,,,,,,,
"Astebreed Steam",,,,,,,,
"Ancient Space Steam",,,,,,,,
"Alien: Isolation Season Pass Steam",,,,,,,,
"The Stanley Parable Steam",,,,,,,,
"Tesla Effect: A Tex Murphy Adventure Steam",,,,,,,,
"Space Farmers Steam",,,,,,,,
"Scourge: Outbreak Steam",,,,,,,,
"Red Johnson's Chronicles 1 2 Steam Special Steam",,,,,,,,
"Left in the Dark: No One on Board Steam",,,,,,,,
"Khet 2.0 Steam",,,,,,,,
"International Snooker Steam",,,,,,,,
"Hack 'n' Slash Steam",,,,,,,,
"Dracula 3: The Path of the Dragon Steam",,,,,,,,
"DeadCore Steam",,,,,,,,
"Dark Arcana: The Carnival Steam",,,,,,,,
"Aces Wild: Manic Brawling Action! Steam",,,,,,,,
"Lone Survivor: The Director's Cut Steam",,,,,,,,
"LEGO Harry Potter: Years 5 7 Steam",,,,,,,,
"Dogfight 1942 Steam",,,,,,,,
"Memento Mori Steam",,,,,,,,
"Endless Space Emperor edition Steam",,,,,,,,
"ETHER VAPOR Remaster Steam",,,,,,,,
"Insane 2 Steam",,,,,,,,
"PixelJunk Eden Steam",,,,,,,,
"Battle vs Chess Steam",,,,,,,,
"Unity of Command: Stalingrad Campaign Steam",,,,,,,,
"Transformers: Fall of Cybertron Multiplayer Havoc",,,,,,,,
"Shad'O Steam",,,,,,,,
"Snapshot Steam",,,,,,,,
"RPG Maker VX Ace Steam",,,,,,,,
"Stellar Impact Steam",,,,,,,,
"Catan Creator's edition Steam",,,,,,,,
"Crusader Kings II Sons of Abraham Steam",,,,,,,,
"Bridge Constructor Steam",,,,,,,,
"Eador Masters of the Broken World Steam",,,,,,,,
"Deus Ex Human Revolution Director's Cut Steam",,,,,,,,
"DuckTales Remastered Steam",,,,,,,,
"Worms Ultimate Mayhem Steam",,,,,,,,
"Rock of Ages Steam",,,,,,,,
"Mount & Blade: With Fire & Sword Steam",,,,,,,,
"Off-Road Drive Steam",,,,,,,,
"Syberia 2 Steam",,,,,,,,
"Kaptain Brawe: A Brawe New World Steam",,,,,,,,
"Fractal: Make Blooms Not War Steam",,,,,,,,
"Elizabeth Find M.D. Diagnosis Mystery Season 2 Steam",,,,,,,,
"Atom Zombie Smasher Steam",,,,,,,,
"ARMA: Cold War Assault Steam",,,,,,,,
"Air Conflicts: Secret Wars Steam",,,,,,,,
"Victoria II Steam",,,,,,,,
"STAR WARS Jedi Knight II Jedi Outcast Steam",,,,,,,,
"Arma 2: Operation Arrowhead Steam",,,,,,,,
"Drakensang Steam",,,,,,,,
"Europa Universalis III Complete Steam",,,,,,,,
"Empire: Total War Steam",,,,,,,,
"SpellForce Platinum edition Steam",,,,,,,,
"Alien Breed 2: Assault Steam",,,,,,,,
"Grand Theft Auto 3 Steam",,,,,,,,
"Grand Theft Auto: Vice City Steam",,,,,,,,
"Dragon Age Origins Ultimate edition Steam",,,,,,,,
"Dragon Age Origins Ultimate edition Origin",,,,,,,,
"Aces Wild: Manic Brawling Action! Steam",,,,,,,,
"PAYDAY 2: Hotline Miami Steam",,,,,,,,
"Retro City Rampage DX Steam",,,,,,,,
"Risen 2: Dark Waters Gold edition Steam",,,,,,,,
"Primal Carnage Steam",,,,,,,,
"Offspring Fling! Steam",,,,,,,,
"The Bluecoats: North vs South Steam",,,,,,,,
"NEO Scavenger Steam",,,,,,,,
"Kingdoms of Amalur: Reckoning Steam",,,,,,,,
"Joe Danger 2: The Movie Steam",,,,,,,,
"King's Bounty: Warriors of the North",,,,,,,,
"Legionwood 2: Rise of the Eternal's Realm Steam",,,,,,,,
"Lone Survivor: The Director's Cut Steam",,,,,,,,
"Farming Simulator 2013 Titanium Steam",,,,,,,,
"Dead Rising 2: Off the Record Steam",,,,,,,,
"Dear Esther Steam",,,,,,,,
"Dishonored Game of the Year edition GOTY Steam",,,,,,,,
"Hitman: Contracts Steam",,,,,,,,
"LIMBO Steam",,,,,,,,
"Machinarium Steam",,,,,,,,
"SPORE Origin",,,,,,,,
"Wildlife Park 3 Steam",,,,,,,,
"Xenonauts Steam",,,,,,,,
"Wings! Remastered edition Steam",,,,,,,,
"Towtruck Simulator 2015 Steam",,,,,,,,
"The Evil Within Season Pass Steam",,,,,,,,
"Super Time Force Ultra",,,,,,,,
"Spacebase DF-9",,,,,,,,
"Ski Region Simulator Gold edition Steam",,,,,,,,
"Shantae: Risky's Revenge Director's Cut",,,,,,,,
"Secrets of tikon Steam",,,,,,,,
