id;name;ebay_id;woo_id;extra_field
6061;"Perimeter 2: New Earth Steam";;5615;
6062;"1000 Amps Steam";;2262;
6064;"3SwitcheD Steam";;2257;
6065;"Puzzler World Steam";;;
6067;"Secret of the Magic Crystals Race Steam";;;
6068;"Serious Sam HD: The First Encounter Steam";;;
6069;"Shatter Steam";;;
6070;"Ship Simulator Extremes Steam";;;
6071;"Space Giraffe Steam";;;
6072;"Cubemen Steam";;;
6073;"Cubemen 2 Steam";;;
6074;"FATE: The Cursed King Steam";;;
6075;"The Dark Eye: Chains of Satinav Steam";;;
6076;"Demonicon: The Dark Eye Steam";;;
6077;"Skulls of the Shogun Steam";;;
6078;"Star Trek Steam";;;
6079;"Toki Tori 2 Steam";;;
6080;"WRC 4 FIA World Rally Championship Steam";;;
6081;"99 Levels to Hell Steam";;;
6082;"A-Men Steam";;;
6083;"Abyss: The Wraiths of Eden Steam";;;
6084;"Ace of Spades: Battle Builder Steam";;;
6085;"Shadows on the Vatican Act I: Greed Steam";;;
6086;"Alan Wake s American Nightmare Steam";;;
6087;"Alien Breed 3: Descent Steam";;;
6088;"Alien Breed Trilogy Steam";;;
6089;"Angelica Weaver: Catch Me When You Can Steam";;;
6090;"Anomaly Korea Steam";;;
6091;"Arena Wars 2 Steam";;;
6092;"Babel Rising";;;
6093;"3079 -- Block Action RPG Steam";;;
6094;"3DMark Steam";;;
6095;"7 Days to Die Steam";;;
6096;"7 Grand Steps What Ancients Begat Steam";;;
6097;"Agricultural Simulator 2013 Steam";;;
6098;"Airport Simulator 2014 Steam";;;
6099;"Alien Spidy Steam";;;
6100;"Alone in the Dark Steam";;;
6101;"Alex Hunter Lord of the Mind Platinum Steam";;;
6102;"Anachronox Steam";;;
6103;"Anna Extended Edition Steam";;;
6104;"Metro 2033 Steam";;;
6105;"Left 4 Dead GOTY Steam";;;
6106;"Worms Reloaded GOTY Steam";;;
6107;"Axis Game Factory s AGFPRO v3 Steam";;;
6108;"Barbie Dreamhouse Party Steam";;;
6109;"Beatbuddy Tale of the Guardians Steam";;;
6110;"BioShock Infinite Steam";;;
6111;"Bang Bang Racing Steam";;;
6112;"BasketBelle Steam";;;
6113;"Battlefield 3: Close Quarters Origin";;;
6114;"bit Dungeon 2 Steam";;;
6115;"Bridge Project Steam";;;
6116;"Call of Cthulhu: The Wasted Land Steam";;;
6117;"Cannon Fodder 3 Steam";;;
6118;"Captain Morgane and the Golden Turtle Steam";;;
6119;"Anodyne Steam";;;
6120;"BioShock Infinite Season Pass Steam";;;
6121;"Blackguards Deluxe Edition Steam";;;
6122;"Bridge It Steam";;;
6123;"Brutal Legend Steam";;;
6124;"CastleStorm Steam";;;
6125;"Cities XL Platinum Steam";;;
6126;"Chivalry: Deadliest Warrior Steam";;;
6127;"Daikatana Steam";;;
6128;"Darkout Steam";;;
6129;"Deadly Premonition: The Director s Cut Steam";;;
6130;"Defense Technica Steam";;;
6131;"Delver Steam";;;
6132;"Divekick Steam";;;
6133;"Dominions 4 Thrones of Ascension Steam";;;
6134;"Doorways: Chapter 1 2 Steam";;;
6135;"Droid Assault Steam";;;
6136;"Earth 2150 Trilogy Steam";;;
6137;"Eldritch Steam";;;
6138;"Electronic Super Joy Steam";;;
6139;"Element4l Steam";;;
6140;"Eleusis Steam";;;
6141;"SLAVED Odyssey to the West Premium Edition Steam";;;
6142;"Evoland Steam";;;
6143;"Final Exam Steam";;;
6144;"Finding Teddy Steam";;;
6145;"Fist Puncher Steam";;;
6146;"Folk Tale Steam";;;
6147;"Total War: SHOGUN 2 Steam";;;
6148;"FortressCraft Evolved! Steam";;;
6149;"Foul Play Steam";;;
6150;"Zeno Clash 2 Steam";;;
6151;"Gas Guzzlers Extreme Steam";;;
6152;"Glare Steam";;;
6153;"Go Home Dinosaurs! Steam";;;
6154;"God Mode Steam";;;
6155;"Carrier Command: Gaea Mission Steam";;;
6156;"Trine 2: Complete Story Steam";;;
6157;"Triple Town Steam";;;
6158;"Tropico 5 Steam";;;
6159;"Godus Steam";;;
6160;"Gomo Steam";;;
6161;"Guncraft Steam";;;
6162;"Gunpoint Steam";;;
6163;"Hate Plus Steam";;;
6164;"Huntsman The Orphanage (Halloween Edition) Steam";;;
6165;"Iesabel Steam";;;
6166;"Infected The Twin Vaccine - Collector s Edition Steam";;;
6167;"InFlux Steam";;;
6168;"Ironclad Tactics Steam";;;
6169;"Ittle Dew Steam";;;
6170;"Jack Keane 2 The Fire Within Steam";;;
6171;"Tryst Steam";;;
6172;"Total War Master Collection Steam";;;
6173;"Castle Crashers Steam";;;
6174;"Journey of a Roach Steam";;;
6175;"King Arthur s Gold Steam";;;
6176;"Cortex Command Steam";;;
6177;"King s Bounty: Legions True Steam";;;
6178;"Kingdoms Rise Steam";;;
6179;"Precipice of Darkness Episode Two Steam";;;
6180;"Blackguards Steam";;;
6181;"Grand Theft Auto IV San Andreas Steam";;;
6182;"KnightShift Steam";;;
6183;"Knock-knock Steam";;;
6184;"Legend of Dungeon Steam";;;
6185;"Legends of Aethereus Steam";;;
6186;"Leviathan Warships Steam";;;
6187;"Lilly Looking Through Steam";;;
6188;"Long Live The Queen Steam";;;
6189;"Lords of Football Steam";;;
6190;"Mars War Logs Steam";;;
6191;"Megabyte Punch Steam";;;
6192;"Might Magic Heroes VI Shades of Darkness Steam";;;
6193;"MirrorMoon EP Steam";;;
6194;"Monaco What s Yours Is Mine Steam";;;
6195;"Ms. Splosion Man Steam";;;
6196;"MUD Motocross World Championship Steam";;;
6197;"Mutant Mudds Deluxe Steam";;;
6198;"Master Reboot Steam";;;
6199;"Narco Terror Steam";;;
6200;"Not The Robots Steam";;;
6201;"Outlast Steam";;;
6202;"Papo Yo Steam";;;
6203;"Twin Sector Steam";;;
6204;"Tomb Raider: Underworld Steam";;;
6205;"18 Wheels of Steel: American Long Haul Steam";;;
6206;"ARMA: Combat Operations Steam";;;
6207;"Children of the Nile Pack Steam";;;
6208;"Sword of the Stars II: Enhanced Edition Steam";;;
6209;"Total War Shogun 2 Fall of the Samurai Steam";;;
6210;"Discovery! A Seek and Find Adventure Steam";;;
6211;"Half-Life Complete Steam";;;
6212;"Plain Sight Steam";;;
6213;"Cities in Motion Collection Steam";;;
6214;"Deep Black: Reloaded Steam";;;
6215;"Defender s Quest: Valley of the Forgotten Steam";;;
6216;"Defenders of Ardania Steam";;;
6217;"DOOM 3 BFG Edition Steam";;;
6218;"Dust: An Elysian Tail Steam";;;
6219;"Hinterland Steam";;;
6220;"JAGGED ALLIANCE BACK IN ACTION Steam";;;
6221;"Imperium Romanum Gold Edition Steam";;;
6222;"Jack Keane Steam";;;
6223;"Mission Runway Steam";;;
6224;"Multiwinia Steam";;;
6225;"Penguins Arena: Sedna s World Steam";;;
6226;"Project Aftermath Steam";;;
6227;"Samantha Swift and the Hidden Roses of Athena Steam";;;
6228;"Tank Universal Steam";;;
6229;"The Witcher: Enhanced Edition Cut Steam";;;
6230;"Tycoon City: New York Steam";;;
6231;"Xpand Rally Xtreme Steam";;;
6232;"Puddle Steam";;;
6233;"Broken Sword 2 - the Smoking Mirror: Remastered Steam";;;
6234;"PlayClaw Game Video Recorder Steam";;;
6235;"Postmortem: One Must Die (Extended Cut) Steam";;;
6236;"Pressure Steam";;;
6237;"Primal Fears Steam";;;
6238;"Elven Legacy Steam";;;
6239;"Proteus Steam";;;
6240;"Rayman Legends Steam";;;
6241;"Real World Racing Steam";;;
6242;"Realms of Arkania: Blade of Destiny Steam";;;
6243;"Rescue Everyday Heroes (U.S. Edition) Steam";;;
6244;"Reus Steam";;;
6245;"Risk of Rain Steam";;;
6246;"RPG Maker: Futuristic Tiles Resource Pac Steam";;;
6247;"Eschalon: Book I Steam";;;
6248;"Rush Bros. Steam";;;
6249;"Rust Steam";;;
6250;"Grand Ages: Rome Steam";;;
6251;"Sanctum 2 Steam";;;
6252;"Shadow Warrior Classic Redux Steam";;;
6253;"Light of Altair Steam";;;
6254;"Shadows: Price For Our Sins Bonus Edition Steam";;;
6255;"Sine Mora Steam";;;
6256;"Skullgirls Steam";;;
6257;"Salvation Prophecy Steam";;;
6258;"Rigonauts Steam";;;
6259;"Ridge Racer Unbounded Full Pack Steam";;;
6260;"Receiver Steam";;;
6261;"Pulstar Steam";;;
6262;"Splice Steam";;;
6263;"Skyborn Steam";;;
6264;"The Race for the White House Steam";;;
6265;"Abyss Odyssey Steam";;;
6266;"Madballs in Babo Invasion Steam";;;
6267;"Mata Hari Steam";;;
6268;"Mayhem Intergalactic Steam";;;
6269;"Men of War: Red Tide Steam";;;
6270;"Metal Drift Steam";;;
6271;"Musaic Box Steam";;;
6272;"Osmos Steam";;;
6273;"Restaurant Empire II Steam";;;
6274;"Rise of the Argonauts Steam";;;
6275;"STAR WARS Starfighter Steam";;;
6276;"The Bard s Tale Steam";;;
6277;"The Void Steam";;;
6278;"Warhammer 40,000: Dawn of War II Steam";;;
6279;"Zombie Bowl-O-Rama Steam";;;
6280;"Signal Ops Steam";;;
6281;"Skyscraper Simulator Steam";;;
6282;"Slam Bolt Scrappers Steam";;;
6283;"Solar Flux Steam";;;
6284;"Soundodger Steam";;;
6285;"Speedball 2 HD Steam";;;
6286;"StarDrive Steam";;;
6287;"Startopia Steam";;;
6288;"SteamWorld Dig Steam";;;
6289;"Strike Suit Infinity Steam";;;
6290;"Strike Suit Zero Steam";;;
6291;"Su-25 for DCS World Steam";;;
6292;"Super House of Dead Ninjas Steam";;;
6293;"Super Puzzle Platformer Deluxe Steam";;;
6294;"Super Splatters Steam";;;
6295;"Superfrog HD Steam";;;
6296;"Surgeon Simulator 2013 Steam";;;
6297;"Sword of the Stars: The Pit Steam";;;
6298;"System Shock 2 Steam";;;
6299;"Tales of Maj Eyal Steam";;;
6300;"Tank Operations: European Campaign Steam";;;
6301;"The 39 Steps Steam";;;
6302;"The Bridge Steam";;;
6303;"The Haunted Hells Reach Steam";;;
6304;"Edge of Space Steam";;;
6305;"Gateways Steam";;;
6306;"The Cave Steam";;;
6307;"The Chaos Engine Steam";;;
6308;"The Journey Down: Chapter One Steam";;;
6309;"THE KING OF FIGHTERS XIII Steam";;;
6310;"The Mysterious Cities of Gold Steam";;;
6311;"The Night of the Rabbit Steam";;;
6312;"The Novelist Steam";;;
6313;"The Raven - Legacy of a Master Thief Steam";;;
6314;"The Swapper Steam";;;
6315;"Truck Racer Steam";;;
6316;"Ultratron Steam";;;
6317;"Urban Trial Freestyle Steam";;;
6318;"Violett Remastered Steam";;;
6319;"Volgarr the Viking Steam";;;
6320;"Weird Worlds: Return to Infinite Space Steam";;;
6321;"Wizardry 8 Steam";;;
6322;"Woodcutter Simulator 2013 Steam";;;
6323;"XCOM: Enemy Within Steam";;;
6324;"STAR WARS Dark Forces Steam";;;
6325;"STAR WARS Knights of the Old Republic Steam";;;
6326;"Star Wolves 2 Steam";;;
6327;"Supreme Ruler 2020 Gold Steam";;;
6328;"Swords and Soldiers HD Steam";;;
6329;"The Bionic Commando Pack Steam";;;
6330;"The Polynomial - Space of the music Steam";;;
6331;"Alpha Protocol Steam";;;
6332;"LEGO BATMAN Beyond Gotham Steam";;;
6333;"Lord of the Rings: War in the North Steam";;;
6334;"Bunch Of Heroes Steam";;;
6335;"Goat Simulator Steam";;;
6336;"Left 4 Dead 2 Steam";;;
6337;"Resident Evil Revelations Steam";;;
6338;"Pixel Piracy Steam";;;
6339;"Space Rangers A War Apart Steam";;;
6340;"Galaxy on Fire 2 Full HD Steam";;;
6341;"Two Worlds II: Velvet Edition Steam";;;
6342;"Medal of Honor 2010 Origin";;;
6343;"Hotline Miami Steam";;;
6344;"Alan Wake Franchise Steam";;;
6345;"The Vanishing of Ethan Carter Steam";;;
6346;"Galactic Civilizations 3 Steam";;;
6347;"Endless Legend Steam";;;
6348;"RAGE Steam";;;
6349;"Resident Evil 6 Steam";;;
6350;"The Wolf Among Us steam Steam";;;
6351;"Civilization V Complete Steam";;;
6352;"Trackmania 2 Valley Steam";;;
6353;"The Orange Box Pack Steam";;;
6354;"Hitman Absolution Steam";;;
6355;"Uplink Steam";;;
6356;"War of the Roses: Kingmaker Steam";;;
6357;"L.A. Noire: The Complete Edition Steam";;;
6358;"The UnderGarden Steam";;;
6359;"Dynamite Jack Steam";;;
6360;"Exodus from the Earth Steam";;;
6361;"Fieldrunners 2 Steam";;;
6362;"Enola Steam";;;
6363;"SOL: Exodus Steam";;;
6364;"Farm Machines Championships 2014 Steam";;;
6365;"Fireburst Steam";;;
6366;"Two Worlds Epic Edition Steam";;;
6367;"UFO: Extraterrestrials Gold Steam";;;
6368;"VVVVVV Steam";;;
6369;"Choplifter HD Steam";;;
6370;"Cognition: An Erica Reed Thriller Steam";;;
6371;"A.R.E.S.: Extinction Agenda Steam";;;
6372;"STALKER: Call of Pripyat Steam";;;
6373;"Injustice: Gods Among Us Ultimate Edition Steam";;;
6374;"The Darkness II 2 Steam";;;
6375;"Europa Universalis IV Steam";;;
6376;"Civilization V Brave New World Steam";;;
6377;"Civilization V Gods and Kings Steam";;;
6378;"Europa Universalis IV Extreme Edition Steam";;;
6379;"Age of Empires 2 II HD Steam";;;
6380;"Wargame Franchise Pack Steam";;;
6381;"Assassin s Creed Brotherhood Steam";;;
6382;"Assassin s Creed Revelations Steam";;;
6383;"Batman Arkham Origins Steam";;;
6384;"Batman Arkham Asylum GOTY Steam";;;
6385;"Batman: Arkham City GOTY Steam";;;
6386;"Battlefield: Bad Company 2 Steam";;;
6387;"Gemini Rue Steam";;;
6388;"Alien: Isolation Steam";;;
6389;"Eternal Winter Steam";;;
6390;"Wanderlust: Rebirth Steam";;;
6391;"Foreign Legion: Multi Massacre Steam";;;
6392;"Brothers - A Tale of Two Sons Steam";;;
6393;"Red Faction Guerrilla Steam";;;
6394;"The Samaritan Paradox Steam";;;
6395;"Frontline : Road to Moscow Steam";;;
6396;"Airline Tycoon 2 Steam";;;
6397;"Leviathan The Last Day of the Decade Steam";;;
6398;"Lead and Gold: Gangs of the Wild West Steam";;;
6399;"Flatout 3: Chaos Destruction Steam";;;
6400;"Hero Academy Steam";;;
6401;"Haunted Steam";;;
6402;"Guns of Icarus Online Steam";;;
6403;"Gimbal Steam";;;
6404;"Gettysburg: Armored Warfare Steam";;;
6405;"Genesis Rising Steam";;;
6406;"Gemini Wars Steam";;;
6407;"Garshasp: Temple of the Dragon Steam";;;
6408;"Frayed Knights: The Skull of Smakh-Daon Steam";;;
6409;"Hack Slash Loot Steam";;;
6410;"Assassin s Creed Freedom Cry Steam";;;
6411;"Uprising 44: The Silent Shadows Steam";;;
6412;"Symphony Steam";;;
6413;"Strike Vector Steam";;;
6414;"Trace Vector Steam";;;
6415;"100% Orange Juice Steam";;;
6416;"Aarklash: Legacy Steam";;;
6417;"Adventure Park Steam";;;
6418;"War of the Human Tanks Steam";;;
6419;"Velocity Ultra Steam";;;
6420;"Arma 2: Combined Operations Steam";;;
6421;"Aztaka Steam";;;
6422;"Bionic Commando: Rearmed Steam";;;
6423;"Booster Trooper Steam";;;
6424;"Broken Sword 3 the Sleeping Dragon Steam";;;
6425;"Burn Zombie Burn! Steam";;;
6426;"Burnout Paradise: The Ultimate Box Steam";;;
6427;"Ceville Steam";;;
6428;"Chrome SpecForce Bundle Steam";;;
6429;"Combat Wings: Battle of Britain Steam";;;
6430;"Command Conquer 4: Tiberian Twilight Steam";;;
6431;"Torchlight 1 Steam";;;
6432;"Torchlight II Steam";;;
6433;"Divinity: Original Sin GOG";;;
6434;"Mount Blade: Warband GOG";;;
6435;"Commander: Conquest of the Americas Colonial Navy Steam";;;
6436;"Death Track: Resurrection Steam";;;
6437;"Diamond Dan Steam";;;
6438;"Dimensity Steam";;;
6439;"Dragon Age: Origins Awakening Steam";;;
6440;"Lost Planet 3 Steam";;;
6441;"Metro: Last Light Season Pass Steam";;;
6442;"Earthworm Jim Collection Steam";;;
6443;"Eschalon: Book 2 Steam";;;
6444;"Faerie Solitaire Steam";;;
6445;"Fallout Tactics: Brotherhood of Steel Steam";;;
6446;"Flight of the Icarus Steam";;;
6447;"Front Mission Evolved Steam";;;
6448;"Galcon Fusion Steam";;;
6449;"Gothic II: Gold Edition Steam";;;
6450;"Grand Ages: Rome GOLD Steam";;;
6451;"Grand Theft Auto IV Complete Edition Steam";;;
6452;"Grand Theft Auto Episodes from Liberty City Steam";;;
6453;"Hacker Evolution: Untold Steam";;;
6454;"Judge Dredd Dredd vs Death Steam";;;
6455;"King Arthur The Role-playing Wargame Steam";;;
6456;"King s Bounty: Armored Princess Steam";;;
6457;"King s Bounty: The Legend Steam";;;
6458;"Majesty 2 Steam";;;
6459;"Making History II: The War of the World Steam";;;
6460;"Mini Ninjas Steam";;;
6461;"Mirror s Edge Steam";;;
6462;"nail d Steam";;;
6463;"NecroVisioN: Lost Company Steam";;;
6464;"Numen: Contest of Heroes Steam";;;
6465;"Overlord Complete Steam";;;
6466;"World Basketball Tycoon Steam";;;
6467;"Painkiller Complete Pack Steam";;;
6468;"Painkiller: Resurrection Steam";;;
6469;"Borderlands 2 Tiny Tina s Assault on Dragon Keep Steam";;;
6470;"Painkiller: Redemption Steam";;;
6471;"Saints Row 2 Steam";;;
6472;"PAYDAY 2: Armored Transport Steam";;;
6473;"Saints Row IV Steam";;;
6474;"Redshirt Steam";;;
6475;"Far Cry 3 - Blood Dragon steam Steam";;;
6476;"Borderlands 2 - Psycho Pack Steam";;;
6477;"Grand Theft Auto San Andreas Steam";;;
6478;"5x EVE ONLINE PLEX";;;
6479;"Rescue Everyday Heroes Steam";;;
6480;"PAC-MAN Championship n DX Steam";;;
6481;"Dungeonbowl Knockout Steam";;;
6482;"Tropico 3Gold Steam";;;
6483;"Critter Crunch Steam";;;
6484;"Age of Mythology Extended Steam";;;
6485;"Chaos Reborn Steam";;;
6486;"Epic Battle Fantasy 4 Steam";;;
6487;"Sir You Are Being Hunted Steam";;;
6488;"Botanicula Steam";;;
6489;"Catan Creator Steam";;;
6490;"Starbound Steam";;;
6491;"Wargame European Escalation Steam";;;
6492;"3 Stars of Destiny Steam";;;
6493;"3089 Futuristic Action RPG Steam";;;
6494;"A Story About My Uncle Steam";;;
6495;"Aces WildManic Brawling Action! Steam";;;
6496;"Airship Dragoon Steam";;;
6497;"Always Sometimes Monsters Steam";;;
6498;"Amphora Steam";;;
6499;"Angels of Fasaria RPG MMORPG Steam";;;
6500;"Arcane Worlds Steam";;;
6501;"Aveyond Lord of Twilight Steam";;;
6502;"Bardbarian Steam";;;
6503;"Battleplan American Civil War Steam";;;
6504;"BeatBlasters III Steam";;;
6505;"Bet On Soldier Steam";;;
6506;"Beware Planet Earth Steam";;;
6507;"Bionic Heart 2 Steam";;;
6508;"Blinding Dark Steam";;;
6509;"Chaos Domain Steam";;;
6510;"Chernobyl Commando Steam";;;
6511;"BioShock Steam";;;
6512;"Clockwork Tales Of Glass and Ink Steam";;;
6513;"Cloud Chamber Steam";;;
6514;"Collapse Steam";;;
6515;"Collateral Steam";;;
6516;"BioShock 1 BioShock 2 Pack Steam";;;
6517;"Crouching Pony Hidden Dragon Steam";;;
6518;"Crow Steam";;;
6519;"CT Special Forces Fire for Effect Steam";;;
6520;"Damned Steam";;;
6521;"Dark ArcanaThe Carnival Steam";;;
6522;"Dark Raid Steam";;;
6523;"Borderlands 2 GOTY Steam";;;
6524;"Company of Heroes 2 Steam";;;
6525;"DarkEnd Steam";;;
6526;"Company of Heroes Complete Steam";;;
6527;"Empire Total War Collection Steam";;;
6528;"DmCDevil May Cry Steam";;;
6529;"Dragon AgeOrigins Steam";;;
6530;"Dungeon Defenders Steam";;;
6531;"Elder Scrolls VSkyrim Steam";;;
6532;"Dungeon Defenders II 2 Steam";;;
6533;"Last Knight Rogue Rider Steam";;;
6534;"Transformers War for Cybertron Kampf um Cybertron Steam";;;
6535;"Desert Thunder Steam";;;
6536;"Dracula 3The Path of the Dragon Steam";;;
6537;"Dracula 4 5 Special Steam";;;
6538;"Driftmoon Steam";;;
6539;"Dungeon Lurk II Leona Steam";;;
6540;"Eidolon Steam";;;
6541;"Enemy Mind Steam";;;
6542;"Enigmatis 2 The Mists of Ravenwood Steam";;;
6543;"Fallout 3 GOTY Steam";;;
6544;"Enigmatis The Ghosts of Maple Creek Steam";;;
6545;"Escape Goat 2 Steam";;;
6546;"Eurofighter Typhoon Steam";;;
6547;"Explodemon Steam";;;
6548;"FarSky Steam";;;
6549;"FATE Undiscovered Realms Steam";;;
6550;"Fist of Jesus Steam";;;
6551;"FOTONICA Steam";;;
6552;"Frederic Evil Strikes Back Steam";;;
6553;"Freedom Fall Steam";;;
6554;"Freespace 2 Steam";;;
6555;"FRONTIERS Steam";;;
6556;"Frontline Road to Moscow Steam";;;
6557;"Game Tycoon 1.5 Steam";;;
6558;"Grim Legends The Forsaken Bride Steam";;;
6559;"Guns n Zombies Steam";;;
6560;"Gunspell Steam Steam";;;
6561;"Hack 'n' Slash Steam";;;
6562;"Hearthlands Steam";;;
6563;"Heileen 2 The Hands Of Fate Steam";;;
6564;"Far Cry 4 Season Pass Uplay";;;
6565;"Helicopter Simulator 2014 Search and Rescue Steam";;;
6566;"Heroes of Steel RPG Steam";;;
6567;"Hostile Waters Antaeus Rising Steam";;;
6568;"Humanity Asset Steam";;;
6569;"Hyper Fighters Steam";;;
6570;"Air ConflictsSecret Wars Steam";;;
6571;"Kerbal Space Program GOG";;;
6572;"Forge Starter Steam";;;
6573;"Giana Sisters Twisted Dreams Steam";;;
6574;"Grand Theft Auto Complete Pack Steam";;;
6575;"Greed Corp Steam";;;
6576;"Insurgency Steam";;;
6577;"Just Cause 2 Steam";;;
6578;"Killing Floor Bundle Steam";;;
6579;"Crusader Kings II Steam";;;
6580;"Killing Floor Steam";;;
6581;"Lost Planet Extreme Condition Steam";;;
6582;"Might and Magic Heroes VI Gold Steam";;;
6583;"Painkiller Overdose Steam";;;
6584;"Painkiller Black Steam";;;
6585;"Arcania Gothic IV Steam";;;
6586;"DARK MESSIAH Might and Magic Steam";;;
6587;"American Conquest Fight Back Steam";;;
6588;"Anomaly Warzone Earth Steam";;;
6589;"ARMA Gold Steam";;;
6590;"BIT.TRIP RUNNER Steam";;;
6591;"Call of Juarez The Cartel Steam";;;
6592;"Capsized Steam";;;
6593;"Cargo! The Quest for Gravity Steam";;;
6594;"Cossacks Art of War Steam";;;
6595;"Cossacks II Battle for Europe Steam";;;
6596;"Cossacks II Napoleonic Wars Steam";;;
6597;"Dead Horde Steam";;;
6598;"Death and the Fly Steam";;;
6599;"Demigod Steam";;;
6600;"Dino D-Day Steam";;;
6601;"DUNGEONS Steam Special Steam";;;
6602;"Costume Quest Steam";;;
6603;"Down to One Steam";;;
6604;"Orcs Must Die! 2 Complete Steam";;;
6605;"Commando Jack Steam";;;
6606;"Cook Serve Delicious! Steam";;;
6607;"Crash Time 2 Steam";;;
6608;"EDGE Steam";;;
6609;"E.Y.EDivine Cybermancy Steam";;;
6610;"Elizabeth Find M.D. Diagnosis Mystery Season 2 Steam";;;
6611;"FractalMake Blooms Not War Steam";;;
6612;"Geneforge 1 Steam";;;
6613;"Glowfish Steam";;;
6614;"Grotesque Tactics 2 Dungeons and Donuts Steam";;;
6615;"Hacker Evolution Duality Steam";;;
6616;"Hamilton Great Adventure Steam";;;
6617;"Hard Reset Extended Steam";;;
6618;"HOARD Steam";;;
6619;"Ignite Steam";;;
6620;"BattlefieldBad Company 2 Vietnam Steam";;;
6621;"inMomentum Steam";;;
6622;"Jamestown Steam";;;
6623;"Kaptain BraweA Brawe New World Steam";;;
6624;"Luxor5th Passage Steam";;;
6625;"Might Magic Clash of Heroes Steam";;;
6626;"Arma X Anniversary DayZ Mod Steam";;;
6627;"Dreamcast Collection Steam";;;
6628;"Flatout Complete Steam";;;
6629;"Galactic Civilizations 2 Ultimate Steam";;;
6630;"Geneforge Saga Steam";;;
6631;"Splinter Cell Blacklist Steam";;;
6632;"Ghost Recon Future Soldier Uplay";;;
6633;"Darksiders Franchise Steam";;;
6634;"Paradox Grand Strategy Collection Steam";;;
6635;"Paranautical Activity Steam";;;
6636;"Mount BladeWith Fire Sword Steam";;;
6637;"Mining Tunneling Simulator Steam";;;
6638;"A Virus Named TOM Steam";;;
6639;"Vox Steam";;;
6640;"Pirates of Black Cove Steam";;;
6641;"Post Mortem Steam";;;
6642;"RACE Injection Steam";;;
6643;"Real Warfare 2 Northern Crusades Steam";;;
6644;"Far Cry 3 Deluxe Steam";;;
6645;"Robin Hood The Legend of Sherwood Steam";;;
6646;"Rochard Steam";;;
6647;"Rock of Ages Steam";;;
6648;"Runespell Overture Steam";;;
6649;"Sengoku Steam";;;
6650;"Test Drive Unlimited 2 Steam";;;
6651;"Serious Sam Double D XXL Steam";;;
6652;"Deadlight Steam";;;
6653;"Shadow Harvest Phantom Ops Steam";;;
6654;"Sideway New York Steam";;;
6655;"SkyDrift Steam";;;
6656;"Dementium 2 HD Steam";;;
6657;"Solar 2 Steam";;;
6658;"PAYDAY 2 Steam";;;
6659;"STARCRAFT 2 HEART OF THE SWARM EU";;;
6660;"Space Pirates and Zombies Steam";;;
6661;"Still Life Steam";;;
6662;"Greed Black Border Steam";;;
6663;"Supreme Ruler Cold War Steam";;;
6664;"Take On Helicopters Steam";;;
6665;"The Next BIG Thing Steam";;;
6666;"Trainz Simulator 12 Steam";;;
6667;"Warhammer Dawn of War 2 Retribution Steam";;;
6668;"Worms Blast Steam";;;
6669;"Worms Crazy Golf Steam";;;
6670;"Worms Pinball Steam";;;
6671;"Worms Ultimate Mayhem Steam";;;
6672;"PAYDAY 2 The Big Bank Heist Steam";;;
6673;"PAYDAY 2 Gage Mod Courier Steam";;;
6674;"PAYDAY 2 Gage Shotgun Steam";;;
6675;"PAYDAY 2 Gage Sniper Steam";;;
6676;"Trackmania 2 Stadium Steam";;;
6677;"Aquaria Steam";;;
6678;"Napoleon Total War collection Steam";;;
6679;"SPORE Complete Steam";;;
6680;"Counter-Strike Source Steam";;;
6681;"3000M ISK EVE Online EVE Tranquility (keine Plex)";;;
6682;"Sins of a Solar Empire Rebellion Steam";;;
6683;"Bulletstorm Steam";;;
6684;"Red Faction Guerrilla Steam";;;
6685;"Silent Hunter 5 Gold Uplay";;;
6686;"Syndicate Origin";;;
6687;"Sniper Ghost Warrior 2 Steam";;;
6688;"Darksiders 1 Steam";;;
6689;"Bulletstorm Origin";;;
6690;"Space Empires IV Deluxe Steam";;;
6691;"The Showdown Effect Steam";;;
6692;"The Walking Dead 400 Days Steam";;;
6693;"Battle Group 2 Steam";;;
6694;"Worms Revolution Gold Steam";;;
6695;"AliceMadness Returns Origin";;;
6696;"Two Worlds II Pirates of the Flying Fortress Steam";;;
6697;"Thomas Was Alone Steam";;;
6698;"Darksiders 2 Steam";;;
6699;"Primordia Steam";;;
6700;"How to Survive Steam";;;
6701;"Nights into Dreams Steam";;;
6702;"Orcs Must Die 2 Franchise Steam";;;
6703;"Shank 2 Steam";;;
6704;"Risen 3 Titan Lords Steam";;;
6705;"International Snooker Steam";;;
6706;"KickBeat Steam Steam";;;
6707;"Last Dream Steam";;;
6708;"Left in the DarkNo One on Board Steam";;;
6709;"Legends of Persia Steam";;;
6710;"Post Apocalyptic Mayhem Steam";;;
6711;"Leona Tricky Adventures Steam";;;
6712;"Litil Divil Steam";;;
6713;"Lost Chronicles of Zerzura Steam";;;
6714;"Ludwig Steam";;;
6715;"Machines At War 3 Steam";;;
6716;"Prince of PersiaThe Forgotten Sands Uplay";;;
6717;"Magicians Looters Steam";;;
6718;"Magnetic By Nature Steam";;;
6719;"Marine Sharpshooter II Jungle Warfare Steam";;;
6720;"Mysteries The Secret of Dragonville Steam";;;
6721;"Melissa K. and the Heart of Gold Collector Steam";;;
6722;"Metrocide Steam";;;
6723;"Luck Starter Steam";;;
6724;"Nightmares from the Deep The Cursed Heart Steam";;;
6725;"Nostradamus The Last Prophecy Steam";;;
6726;"One Day For Ched Steam";;;
6727;"Quake 4 Steam";;;
6728;"Orbital Gear Steam";;;
6729;"Organic Panic Steam";;;
6730;"OTTTD Steam";;;
6731;"RACE On Bundle Steam";;;
6732;"Panzer Tactics HD Steam";;;
6733;"Particulars Steam";;;
6734;"Red OrchestraOstfront 41-45 Steam";;;
6735;"Remember Me Steam";;;
6736;"Resident Evil 6 Complete Steam";;;
6737;"SidewayNew York Steam";;;
6738;"Revenge of the Titans Steam";;;
6739;"Sacred Citadel Steam";;;
6740;"Platformines Steam";;;
6741;"Professional Farmer 2014 America Steam";;;
6742;"Q.U.B.E Director Cut Steam";;;
6743;"Qora Steam";;;
6744;"Red Johnson Chronicles 12 Steam Special Edit Steam";;;
6745;"Reflex Steam";;;
6746;"Return to Mysterious Island 2 Steam";;;
6747;"Robowars Steam";;;
6748;"Rush for Glory Steam";;;
6749;"Sam Glyph Private Eye! Steam";;;
6750;"ScourgeOutbreak Steam";;;
6751;"Selknam Defense Steam";;;
6752;"Shadow Puppeteer Steam";;;
6753;"Shiny The Firefly Steam";;;
6754;"Showtime! Steam";;;
6755;"Soulbringer Steam";;;
6756;"Space Farmers Steam";;;
6757;"Spark Rising Steam";;;
6758;"Stick RPG 2 Director Cut Steam";;;
6759;"Storm over the Pacific Steam";;;
6760;"Stranded Steam";;;
6761;"Street Racing Syndicate Steam";;;
6762;"Subject 9 Steam";;;
6763;"Super Motherload Steam";;;
6764;"Super Toy Cars Steam";;;
6765;"Tail Drift Steam";;;
6766;"Star Ruler Steam";;;
6767;"Star Wolves 3 Civil War Steam";;;
6768;"Supreme Commander 2 Steam";;;
6769;"SimCity 4 Deluxe Steam";;;
6770;"The Campaign Series Fall Weiss Steam";;;
6771;"The Journey Down Chapter Two Steam";;;
6772;"The Lost Crown Steam";;;
6773;"Horizon Steam";;;
6774;"The Maker Eden Steam";;;
6775;"The Original Strife Veteran Steam";;;
6776;"The Samaritan Paradox Steam";;;
6777;"The Sun at Night Steam";;;
6778;"The Witch Yarn Steam";;;
6779;"Time Mysteries 2 The Ancient Spectres Steam";;;
6780;"Trainz Simulator DLCCONTZ Basic n Steam";;;
6781;"UFO Afterlight Steam";;;
6782;"US and THEM Steam";;;
6783;"Warehouse and Logistics Simulator Steam";;;
6784;"Warrior Kings Steam";;;
6785;"The Last Tinker City of Colors Steam";;;
6786;"Total WarROME II Emperor Steam";;;
6787;"Terraria Steam";;;
6788;"The First Templar Special Steam";;;
6789;"Titan Quest Gold Steam";;;
6790;"Trapped Dead Steam";;;
6791;"Tropico Trilogy Steam";;;
6792;"Two Worlds II Castle Defense Steam";;;
6793;"Air Conflicts Pacific Carriers Steam";;;
6794;"Auditorium Steam";;;
6795;"Avernum Escape From the Pit Steam";;;
6796;"Blackwell Deception Steam";;;
6797;"Crazy Machines Elements Steam";;;
6798;"Crusader Kings Complete Steam";;;
6799;"DARK SOULS Prepare To Die Steam";;;
6800;"Call of DutyBlack Ops II Steam";;;
6801;"Alien Shooter 2 Conscription Steam";;;
6802;"Arma 2 Army of the Czech Republic Steam";;;
6803;"Death Rally Steam";;;
6804;"Dream Pinball 3D Steam";;;
6805;"Galactic Civilizations I Ultimate Steam";;;
6806;"GT Legends Steam";;;
6807;"GTR FIA GT Racing Game Steam";;;
6808;"Indie GameThe Movie Steam";;;
6809;"1954 Alcatraz Steam";;;
6810;"1HEART Steam";;;
6811;"Insanely Twisted Shadow Planet Steam";;;
6812;"Chicken Shoot Gold Steam";;;
6813;"Jagged Alliance 2 Wildfire Steam";;;
6814;"Adventurer Manager Steam";;;
6815;"Jagged Alliance Crossfire Steam";;;
6816;"Jane Advanced Strike Fighters Steam";;;
6817;"Karateka Steam";;;
6818;"King Arthur II The Role-Playing Wargame Steam";;;
6819;"Age of Wonders III Steam";;;
6820;"LEGO Harry PotterYears 5-7 Steam";;;
6821;"Luxor Evolved Steam";;;
6822;"Anomaly 2 Steam";;;
6823;"DiRT 3 Complete Steam";;;
6824;"AlienIsolation Season Pass Steam";;;
6825;"Mortal Kombat Kollection Steam";;;
6826;"Pickers Steam";;;
6827;"Pid Steam";;;
6828;"Alpha Kimori 1 Steam";;;
6829;"Pixel Junk Eden Steam";;;
6830;"Antichamber Steam";;;
6831;"Anmynor Puzzles Steam";;;
6832;"Assassin?s Creed Liberation HD Steam";;;
6833;"Asteria Steam";;;
6834;"Autocraft Steam";;;
6835;"Aviator Bush Pilot Steam";;;
6836;"Banished Steam";;;
6837;"Basketball Pro Management 2014 Steam";;;
6838;"BattleBlock Theater Steam";;;
6839;"Bedlam Steam";;;
6840;"Betrayer Steam";;;
6841;"Black Mirror Steam";;;
6842;"Black ViperSophia Fate Steam";;;
6843;"Axis Game Factory AGFPRO Zombie FPS Player Steam";;;
6844;"Blackguards Untold Legends Steam";;;
6845;"Blade Symphony Steam";;;
6846;"BlazBlue Calamity Trigger Steam";;;
6847;"Blaze Rush Steam";;;
6848;"Blood Rayne Betrayal Steam";;;
6849;"Boot Hill Heroes Steam";;;
6850;"Borderlands The Pre-Sequel Steam";;;
6851;"Breach Clear Steam";;;
6852;"ARMA Tactics Steam";;;
6853;"Bridge Constructor Playground Steam";;;
6854;"Deus ExInvisible War Steam";;;
6855;"Euro Truck Simulator Steam";;;
6856;"Bus Driver Steam";;;
6857;"Carmageddon 2 Carpocalypse Now Steam";;;
6858;"Castlevania Lords of Shadow Mirror of Fate HD Steam";;;
6859;"Chariot Steam";;;
6860;"Chess 2The Sequel Steam";;;
6861;"Cloudbuilt Steam";;;
6862;"CoH 2 The Western Front Armies US Forces Steam";;;
6863;"Coin Crypt Steam";;;
6864;"Colonies Online Steam";;;
6865;"CONSORTIUM Steam";;;
6866;"Constant C Steam";;;
6867;"Construction Machines 2014 Steam";;;
6868;"Contagion Steam";;;
6869;"Cooking Academy Fire and Knives Steam";;;
6870;"Corto Maltese Secrets of Venice Steam";;;
6871;"Crimsonland Steam";;;
6872;"CubeZ Steam";;;
6873;"Cult of the Wind Steam";;;
6874;"Dead Man Draw Steam";;;
6875;"Dead Rising 3 Apocalypse Steam";;;
6876;"Deadly Sin 2 Steam";;;
6877;"Deadnaut Steam";;;
6878;"Deadstone Steam";;;
6879;"DIG IT! A Digger Simulator Steam";;;
6880;"Disciples III Reincarnation Steam";;;
6881;"DivinityOriginal Sin Steam";;;
6882;"Dokuro Steam";;;
6883;"Doorways Chapter 3 The Underworld Steam";;;
6884;"Dungeon Defenders Eternity Steam";;;
6885;"Dusty Revenge Co-Op Steam";;;
6886;"Ensign-1 Steam";;;
6887;"Ether One Steam";;;
6888;"eXperience 112 Steam";;;
6889;"F1 2014 Steam";;;
6890;"Fable Anniversary Steam";;;
6891;"Faery Legends of Avalon Steam";;;
6892;"FEZ Steam";;;
6893;"Frozen Synapse Steam";;;
6894;"Rotastic Steam";;;
6895;"Rune Classic Steam";;;
6896;"Sacred 2 Gold Steam";;;
6897;"Serious Sam 2 Steam";;;
6898;"Shad'O Steam";;;
6899;"Shoot Many Robots Steam";;;
6900;"Snapshot Steam";;;
6901;"Stacking Steam";;;
6902;"Stronghold Kingdoms Starter Steam";;;
6903;"KRUNCH Digital Collector Steam";;;
6904;"King Bounty Warriors of the North Steam";;;
6905;"Joe Danger 2The Movie Steam";;;
6906;"Devil May Cry 4 Steam";;;
6907;"Krater Steam";;;
6908;"LiliChild of Geos Steam";;;
6909;"Tales From Space Mutant Blobs Attack Steam";;;
6910;"The Lord of the Rings Online Steely Dawn Starter Steam";;;
6911;"Thief Gold Steam";;;
6912;"Tiny and Big Grandpa Leftovers Steam";;;
6913;"Titan Attacks! Steam";;;
6914;"Transformers Fall of Cybertron DINOBOT Destruc Steam";;;
6915;"Transformers Fall of Cybertron Massive Fur Steam";;;
6916;"Transformers Fall of Cybertron Multiplayer Havoc Steam";;;
6917;"Bioshock 2 Steam";;;
6918;"HitmanContracts Steam";;;
6919;"Legend of Grimrock Steam";;;
6920;"Mark of the Ninja Steam";;;
6921;"MX vs ATV Reflex Steam";;;
6922;"Napoleon Total War Steam";;;
6923;"Operation Flashpoint Complete Steam";;;
6924;"Operation Flashpoint Dragon Rising Steam";;;
6925;"Hitman 2 Silent Assassin Steam";;;
6926;"Hitman Codename 47 Steam";;;
6927;"Bioshock Triple Steam";;;
6928;"LEGO Batman 2 DC Super Heroes Steam";;;
6929;"Middle-Earth Shadow of Mordor Steam";;;
6930;"Max Payne 3 Rockstar Season Pass Steam";;;
6931;"Miner Wars 2081 Steam";;;
6932;"Mass Effect 2 Origin";;;
6933;"FaeVerse Alchemy Steam";;;
6934;"Farm for your Life Steam";;;
6935;"FATE The Traitor Soul Steam";;;
6936;"Helldorado Steam";;;
6937;"Fight The Dragon Steam";;;
6938;"Scribblenauts Unlimited Steam";;;
6939;"Final Rush Steam";;;
6940;"Flower Shop Summer In Fairbrook Steam";;;
6941;"Flower Shop Winter In Fairbrook Steam";;;
6942;"Foresight Steam";;;
6943;"Frayed KnightsThe Skull of S'makh-Daon Steam";;;
6944;"Freedom Planet Steam";;;
6945;"Frozen Synapse Prime Steam";;;
6946;"Full Bore Steam";;;
6947;"Alien Rage Unlimited Steam";;;
6948;"Sniper Elite Nazi Zombie Army 2 Steam";;;
6949;"Full Mojo Rampage Steam";;;
6950;"The Walking Dead Steam";;;
6951;"The Walking DeadSeason 2 Staffel Steam";;;
6952;"Vessel Steam";;;
6953;"Viking Battle for Asgard Steam";;;
6954;"Supreme Commander Gold Steam";;;
6955;"FX Football The Manager for Every Football Fan Steam";;;
6956;"Game Character Hub Steam";;;
6957;"Gang Beasts Steam";;;
6958;"Go! Go! Nippon! ~My First Trip to Japan~ Steam";;;
6959;"GoD Factory Wingmen Steam";;;
6960;"Offspring Fling! Steam";;;
6961;"Rise of Venice Steam";;;
6962;"Mass Effect 2 Steam";;;
6963;"GRID 2 Spa-Francorchamps Track Steam";;;
6964;"GRID 2 Bathurst Track Steam";;;
6965;"Midnight Mysteries 4Haunted Houdini Steam";;;
6966;"Miasmata Steam";;;
6967;"Omegalodon Steam";;;
6968;"Northmark Hour of the Wolf Steam";;;
6969;"Naval War Arctic Circle Steam";;;
6970;"Lara Croft and the Guardian of Light Steam";;;
6971;"Men of War Condemned Heroes Steam";;;
6972;"GoD Factory Wingmen Steam";;;
6973;"Mafia 2 Digital Deluxe Steam";;;
6974;"The Great Jitters Pudding Panic Steam";;;
6975;"Paper Monsters Recut Steam";;;
6976;"Painkiller Recurring Evil Steam";;;
6977;"Oniken Steam";;;
6978;"Gray Matter Steam";;;
6979;"GRID Autosport Steam";;;
6980;"Guilty Gear Isuka Steam";;;
6981;"Guns and Robots Starter Steam";;;
6982;"Guns and Robots Terminator Steam";;;
6983;"Half Minute HeroThe Second Coming Steam";;;
6984;"Hegemony RomeThe Rise of Caesar Steam";;;
6985;"Humans Must Answer Steam";;;
6986;"ibb obb Steam";;;
6987;"Infinite Space III Sea of Stars Steam";;;
6988;"Jagged Alliance 1 Gold Steam";;;
6989;"Joe Dever Lone Wolf HD Remastered Steam";;;
6990;"Journey of the King Steam";;;
6991;"Kick-Ass 2 Steam";;;
6992;"Kill The Bad Guy Steam";;;
6993;"Kromaia Steam";;;
6994;"Leviathan The Last Day of the Decade Steam";;;
6995;"Lichdom Battlemage Steam";;;
6996;"Life Goes On Steam";;;
6997;"LocoCycle Steam";;;
6998;"Lords Of The Fallen Steam";;;
6999;"Loren The Amazon Princess Steam";;;
7000;"Lost Marbles Steam";;;
7001;"LUFTRAUSERS Steam";;;
7002;"Mercenary Kings Steam";;;
7003;"Metro 2033 Redux Steam";;;
7004;"MindPath to Thalamus Steam";;;
7005;"Mission Control NanoMech Steam";;;
7006;"Deus Ex The Fall Steam";;;
7007;"Mitsurugi Kamui Hikae Steam";;;
7008;"Motorama Steam";;;
7009;"Gauntlet Steam";;;
7010;"Munin Steam";;;
7011;"Murdered Soul Suspect Steam";;;
7012;"LEGO Movie Videogame Steam";;;
7013;"Men of WarAssault Squad 2 Steam";;;
7014;"NaissanceE Steam";;;
7015;"Neocolonialism Steam";;;
7016;"Assassin Creed Revelations Uplay";;;
7017;"Nicolas Eymerich The Inquisitor Book 1 The Plague Steam";;;
7018;"Nicole otome Steam";;;
7019;"Obludia Steam";;;
7020;"Octodad Dadliest Catch Steam";;;
7021;"Of Guards And Thieves Steam";;;
7022;"OlliOlli Steam";;;
7023;"One Late Night Deadline Steam";;;
7024;"Onikira Demon Killer Steam";;;
7025;"Outland Steam";;;
7026;"Outlast Whistleblower Steam";;;
7027;"Overruled! Steam";;;
7028;"Pandora First Contact Steam";;;
7029;"Pier Solar and the Great Architects Steam";;;
7030;"Pixel Boy and the Ever Expanding Dungeon Steam";;;
7031;"Planet Explorers Steam";;;
7032;"Planet Stronghold Steam";;;
7033;"PoltergeistA Pixelated Horror Steam";;;
7034;"Pro Rugby Manager 2015 Steam";;;
7035;"Project Temporality Steam";;;
7036;"Quest for Infamy Steam";;;
7037;"Recruits Steam";;;
7038;"Arma II Steam";;;
7039;"Mount Blade Warband Steam";;;
7040;"The Banner Saga Steam";;;
7041;"The Incredible Adventures Of Van Helsing II Steam";;;
7042;"Transistor Steam";;;
7043;"Warlock 2 The Exiled Steam";;;
7044;"Redux Dark Matters Steam";;;
7045;"Retro Game Crunch Steam";;;
7046;"Retro-Pixel Castles Steam";;;
7047;"Rift Cave Steam";;;
7048;"Rising World Steam";;;
7049;"Roommates Steam";;;
7050;"Cities in Motion 2 Steam";;;
7051;"RPG Maker Luna Engine Steam";;;
7052;"Sacred 3 Steam";;;
7053;"Saints Row IV Game of the Century Steam";;;
7054;"Sakura Spirit Steam";;;
7055;"Scania Truck Driving Simulator Steam";;;
7056;"Screencheat Steam";;;
7057;"Secret Ponchos Steam";;;
7058;"Secrets of R?tikon Steam";;;
7059;"Shadowgate (2014) Steam";;;
7060;"Shadowrun Dragonfall Director Cut Steam";;;
7061;"Shantae Risky Revenge Director Cut Steam";;;
7062;"Shattered Planet Steam";;;
7063;"Silence of the Sleep Steam";;;
7064;"Sinking Island Steam";;;
7065;"Ski-World Simulator Steam";;;
7066;"Skilltree Saga Steam";;;
7067;"Small Town Terrors Pilgrim Hook Collector Steam";;;
7068;"Smugglers 5 Invasion Steam";;;
7069;"Snowcat Simulator Steam";;;
7070;"Space Run Steam";;;
7071;"Space Salvager Steam";;;
7072;"Spacebase DF-9 Steam";;;
7073;"SPINTIRES Steam";;;
7074;"Sprite Lamp Steam";;;
7075;"Spriter Pro Steam";;;
7076;"Starion Tactics Steam";;;
7077;"StarMade Steam";;;
7078;"Steam Bandits Outpost Steam";;;
7079;"Super Chain Crusher Horizon Steam";;;
7080;"Super Comboman Don't Mash Steam";;;
7081;"Super Time Force Ultra Steam";;;
7082;"Talisman Digital Steam";;;
7083;"Tango Fiesta Steam";;;
7084;"Tesla Breaks the World! Steam";;;
7085;"The Book of Legends Steam";;;
7086;"The Few Steam";;;
7087;"The Last Door Collector Steam";;;
7088;"The Marvellous Miss Take Steam";;;
7089;"The Old City Leviathan Steam";;;
7090;"The Tower Steam";;;
7091;"The Whispered World Special Steam";;;
7092;"The Witcher Adventure Game Steam";;;
7093;"Tiestru Steam";;;
7094;"Top Hat Steam";;;
7095;"Total Pro Golf 3 Steam";;;
7096;"Trainz Simulator Languedoc Steam";;;
7097;"Victorian Admirals Steam";;;
7098;"War of the Vikings Steam";;;
7099;"Warring States Steam";;;
7100;"Watch Dogs Bad Blood Steam";;;
7101;"Whisper of a Rose Steam";;;
7102;"Wyv and Keep The Temple of the Lost Idol Steam";;;
7103;"Z Steel Soldiers Steam";;;
7104;"ZAMB! Biomutant Extermination Steam";;;
7105;"CoH 2 The Western Front Armies Oberkommando Steam";;;
7106;"GRID 2 Steam";;;
7107;"Tropico 4 Collector Steam";;;
7108;"Terraria GOG";;;
7109;"RollerCoaster Tycoon 3 Platinum GOG";;;
7110;"Resident Evil 5 Biohazard 5 Steam";;;
7111;"Grand Theft Auto San Andreas Steam";;;
7112;"Aliens Colonial Marines Steam";;;
7113;"Battlefield 3 End Game Origin";;;
7114;"Deadfall Adventures Steam";;;
7115;"Divinity Dragon Commander Steam";;;
7116;"Fallen Enchantress Legendary Heroes Steam";;;
7117;"Sonic All-Stars Racing Transformed Steam";;;
7118;"Sonic Generations Steam";;;
7119;"Supreme Commander Forged Alliance Steam";;;
7120;"7 WondersAncient Alien Makeovers Steam";;;
7121;"Age of Wonders Steam";;;
7122;"Age of Wonders Shadow Magic Steam";;;
7123;"Air Forte Steam";;;
7124;"Alien Breed 2Assault Steam";;;
7125;"Alter Ego Steam";;;
7126;"Alternativa Steam";;;
7127;"Ankh 3 Battle of the Gods Steam";;;
7128;"AquaNox Steam";;;
7129;"AquaNox 2 Revelation Steam";;;
7130;"Sniper Elite 3 Steam";;;
7131;"Binary Domain Steam";;;
7132;"TAKEDOWN Red Sabre Steam";;;
7133;"The Ball Steam";;;
7134;"The Kings Crusade Steam";;;
7135;"KickBeat Steam";;;
7136;"Total War ROME II Caesar in Gaul Steam";;;
7137;"Blades of Time Limited Steam";;;
7138;"Call of Juarez Gunslinger Steam";;;
7139;"Medal of Honor 2010 Steam";;;
7140;"GoD Factory Wingmen Steam";;;
7141;"Edna Harvey The Breakout Steam";;;
7142;"Shelter Steam";;;
7143;"Flatout 3 Chaos Destruction Steam";;;
7144;"Crayon Physics Deluxe Steam";;;
7145;"Serious Sam 3: BFE";;;
7146;"Age of Empires Legacy steam";;;
7147;"Train Simulator 2015 Steam";;;
7148;"Call of Duty Advanced Warfare Steam";;;
7149;"Mafia 2 steam";;;
7150;"Zombie Army Trilogy steam";;;
7151;"Rulers of Nations Steam";;;
7152;"Quantum Rush Champions Steam";;;
7153;"Poltergeist: A Pixelated Horror";;;
7154;"Pineview Drive Steam";;;
7155;"Nicolas Eymerich The Inquisitor Book 1 The Plague";;;
7156;"Next Car Game: Wreckfest Steam";;;
7157;"Neverending Nightmares Steam";;;
7158;"Never Alone (Kisima Ingitchuna) Steam";;;
7159;"Mind: Path to Thalamus Steam";;;
7160;"Lumino City Steam";;;
7161;"LEGO The Hobbit Steam";;;
7162;"Kingdom Rush Steam";;;
7163;"Iron Storm Steam";;;
7164;"Half Minute Hero: The Second Coming";;;
7165;"Guacamelee! Super Turbo Championship edition Steam";;;
7166;"Game of Thrones A Telltale Games Series Steam";;;
7167;"Franchise Hockey Manager 2014 Steam";;;
7168;"Eufloria HD Steam";;;
7169;"Crimzon Clover WORLD IGNITION Steam";;;
7170;"Construction Machines 2014 Steam";;;
7171;"Chess 2: The Sequel Steam";;;
7172;"Bound By Flame Steam";;;
7173;"BloodRayne Betrayal Steam";;;
7174;"BlazeRush Steam";;;
7175;"BlazBlue: Continuum Shift Extend Steam";;;
7176;"Black Viper: Sophia's Fate Steam";;;
7177;"Astebreed Steam";;;
7178;"Ancient Space Steam";;;
7179;"Alien: Isolation Season Pass Steam";;;
7180;"The Stanley Parable Steam";;;
7181;"Tesla Effect: A Tex Murphy Adventure Steam";;;
7182;"Space Farmers Steam";;;
7183;"Scourge: Outbreak Steam";;;
7184;"Red Johnson's Chronicles 1 2 Steam Special Steam";;;
7185;"Left in the Dark: No One on Board Steam";;;
7186;"Khet 2.0 Steam";;;
7187;"International Snooker Steam";;;
7188;"Hack 'n' Slash Steam";;;
7189;"Dracula 3: The Path of the Dragon Steam";;;
7190;"DeadCore Steam";;;
7191;"Dark Arcana: The Carnival Steam";;;
7192;"Aces Wild: Manic Brawling Action! Steam";;;
7193;"Lone Survivor: The Director's Cut Steam";;;
7194;"LEGO Harry Potter: Years 5 7 Steam";;;
7195;"Dogfight 1942 Steam";;;
7196;"Memento Mori Steam";;;
7197;"Endless Space Emperor edition Steam";;;
7198;"ETHER VAPOR Remaster Steam";;;
7199;"Insane 2 Steam";;;
7200;"PixelJunk Eden Steam";;;
7201;"Battle vs Chess Steam";;;
7202;"Unity of Command: Stalingrad Campaign Steam";;;
7203;"Transformers: Fall of Cybertron Multiplayer Havoc";;;
7204;"Shad'O Steam";;;
7205;"Snapshot Steam";;;
7206;"RPG Maker VX Ace Steam";;;
7207;"Stellar Impact Steam";;;
7208;"Catan Creator's edition Steam";;;
7209;"Crusader Kings II Sons of Abraham Steam";;;
7210;"Bridge Constructor Steam";;;
7211;"Eador Masters of the Broken World Steam";;;
7212;"Deus Ex Human Revolution Director's Cut Steam";;;
7213;"DuckTales Remastered Steam";;;
7214;"Worms Ultimate Mayhem Steam";;;
7215;"Rock of Ages Steam";;;
7216;"Mount & Blade: With Fire & Sword Steam";;;
7217;"Off-Road Drive Steam";;;
7218;"Syberia 2 Steam";;;
7219;"Kaptain Brawe: A Brawe New World Steam";;;
7220;"Fractal: Make Blooms Not War Steam";;;
7221;"Elizabeth Find M.D. Diagnosis Mystery Season 2 Steam";;;
7222;"Atom Zombie Smasher Steam";;;
7223;"ARMA: Cold War Assault Steam";;;
7224;"Air Conflicts: Secret Wars Steam";;;
7225;"Victoria II Steam";;;
7226;"STAR WARS Jedi Knight II Jedi Outcast Steam";;;
7227;"Arma 2: Operation Arrowhead Steam";;;
7228;"Drakensang Steam";;;
7229;"Europa Universalis III Complete Steam";;;
7230;"Empire: Total War Steam";;;
7231;"SpellForce Platinum edition Steam";;;
7232;"Alien Breed 2: Assault Steam";;;
7233;"Grand Theft Auto 3 Steam";;;
7234;"Grand Theft Auto: Vice City Steam";;;
7235;"Dragon Age Origins Ultimate edition Steam";;;
7236;"Dragon Age Origins Ultimate edition Origin";;;
7237;"Aces Wild: Manic Brawling Action! Steam";;;
7238;"PAYDAY 2: Hotline Miami Steam";;;
7239;"Retro City Rampage DX Steam";;;
7240;"Risen 2: Dark Waters Gold edition Steam";;;
7241;"Primal Carnage Steam";;;
7242;"Offspring Fling! Steam";;;
7243;"The Bluecoats: North vs South Steam";;;
7244;"NEO Scavenger Steam";;;
7245;"Kingdoms of Amalur: Reckoning Steam";;;
7246;"Joe Danger 2: The Movie Steam";;;
7247;"King's Bounty: Warriors of the North";;;
7248;"Legionwood 2: Rise of the Eternal's Realm Steam";;;
7249;"Lone Survivor: The Director's Cut Steam";;;
7250;"Farming Simulator 2013 Titanium Steam";;;
7251;"Dead Rising 2: Off the Record Steam";;;
7252;"Dear Esther Steam";;;
7253;"Dishonored Game of the Year edition GOTY Steam";;;
7254;"Hitman: Contracts Steam";;;
7255;"LIMBO Steam";;;
7256;"Machinarium Steam";;;
7257;"SPORE Origin";;;
7258;"Wildlife Park 3 Steam";;;
7259;"Xenonauts Steam";;;
7260;"Wings! Remastered edition Steam";;;
7261;"Towtruck Simulator 2015 Steam";;;
7262;"The Evil Within Season Pass Steam";;;
7263;"Super Time Force Ultra";;;
7264;"Spacebase DF-9";;;
7265;"Ski Region Simulator Gold edition Steam";;;
7266;"Shantae: Risky's Revenge Director's Cut";;;
7267;"Secrets of tikon Steam";;;
7268;AudioSurf;;;
7269;"Deus Ex: Invisible War";;;
7270;"Duke Nukem 3D Megaton Edition";;;
7271;Antichamber;;;
7272;"Postal 2 Complete";;;
7273;"Project Zomboid";;;
7274;"Chivalry: Medieval Warfare";;;
7275;Awesomenauts;;;
7276;"Worms Reloaded";;;
7277;"Total War ROME II Emperor";;;
7278;"Medieval 2 Total War Collection Gold";;;
7279;"Age of Empires II HD The Forgotten";;;
7280;"Worms Clan Wars";;;
7281;"The Inner World";;;
7282;"Shootmania Storm";;;
7283;"Shadowrun Returns";;;
7284;"Age Of Empires 2 HD Bundle The Forgotten";;;
7285;"Blood Knights";;;
7286;"Men of War Assault Squad 2";;;
7287;"Lara Croft and the Temple of Osiris";;;
7288;"Battlefield Bad Company 2 Vietnam";;;
7289;"Castlevania Lords of Shadow Ultimate";;;
7290;"Duke Nukem Forever";;;
7291;"FEAR 3";;;
7292;"Max Payne 3 Rockstar Season Pass";;;
7293;"Middle-earth Shadow of Mordor Season Pass";;;
7294;"Saints Row Ultimate Franchise Pack";;;
7295;"Company of Heroes Tales of Valor";;;
7296;"The Typing of the Dead Overkill ENGLISH";;;
7297;"DiRT Showdown";;;
7298;"Alice Madness ReturnsOrigin";;;
7299;"Goodbye Deponia";;;
7300;"Tomb Raider GOTY";;;
7301;"Portal 2";;;
7302;"Portal Bundle 1 2";;;
7303;"Need For Speed Hot PursuitOrigin";;;
7304;"Euro Truck Simulator 2 Gold";;;
7305;"Insurgency Steam";;;
